date,lake_surface_water_temperature
1995-06-07,279.068
1995-06-10,271.517
1995-06-13,278.394
1995-06-16,279.299
1995-06-26,275.999
1995-06-29,278.57
1995-07-02,281.0
1995-07-12,279.507
1995-07-15,279.07
1995-07-18,281.25
1996-07-02,275.453
1996-07-05,276.212
1996-07-15,273.329
1996-07-18,279.992
1996-07-21,276.179
1996-07-31,278.236
1996-08-03,280.273
1996-08-06,280.833
1996-08-09,281.305
1996-08-19,283.643
1996-08-22,282.945
1996-08-25,283.632
1996-09-04,281.531
1996-09-07,282.259
1996-09-10,283.786
1996-09-13,288.211
1996-09-20,286.71
1996-09-23,288.42
1996-09-26,287.81
1996-11-13,280.403
1996-11-16,291.297
1996-11-19,295.131
1996-11-22,291.263
1996-11-29,293.923
1996-12-08,293.146
1996-12-18,291.422
1996-12-21,292.025
1996-12-24,294.5
1997-01-03,293.085
1997-01-06,287.475
1997-01-09,285.067
1997-01-12,292.409
1997-01-25,288.638
1997-01-28,286.136
1997-02-07,285.842
1997-02-10,283.502
1997-02-13,285.867
1997-02-26,288.252
1997-03-01,288.493
1997-03-04,285.969
1997-03-07,283.059
1997-03-14,285.966
1997-03-17,282.84
1997-03-20,282.7
1997-03-23,286.428
1997-04-02,286.243
1997-04-05,283.068
1997-04-08,284.163
1997-04-11,283.698
1997-04-18,272.377
1997-04-21,284.364
1997-04-24,283.736
1997-04-27,284.023
1997-05-07,283.592
1997-05-10,282.768
1997-05-13,280.252
1997-05-16,281.409
1997-05-23,280.356
1997-05-26,279.281
1997-05-29,279.348
1997-06-01,279.769
1997-06-11,276.807
1997-06-14,275.874
1997-06-17,279.441
1997-06-20,277.358
1997-06-27,278.449
1997-07-03,281.126
1997-07-06,280.221
1997-07-16,279.439
1997-07-19,278.763
1997-07-22,279.463
1997-07-25,281.13
1997-08-01,279.596
1997-08-04,279.198
1997-08-07,279.09
1997-08-20,280.792
1997-08-23,281.793
1997-08-26,284.414
1997-08-29,283.353
1997-09-05,282.761
1997-09-08,285.776
1997-09-11,283.895
1997-09-14,284.637
1997-09-24,284.798
1997-10-03,284.83
1997-10-10,286.333
1997-10-13,272.867
1997-10-16,282.138
1997-10-19,286.088
1997-10-29,286.555
1997-11-01,280.156
1997-11-04,290.362
1997-11-07,291.761
1997-11-14,271.9
1997-11-17,285.571
1997-11-20,290.382
1997-11-23,284.34
1997-12-03,287.956
1997-12-06,285.782
1997-12-09,288.354
1997-12-12,295.122
1997-12-19,287.936
1997-12-22,287.453
1997-12-25,288.931
1997-12-28,290.835
1998-01-07,288.093
1998-01-10,288.318
1998-01-13,291.012
1998-01-16,290.876
1998-01-23,280.735
1998-01-26,289.498
1998-01-29,288.584
1998-02-01,290.339
1998-02-11,288.796
1998-02-14,288.92
1998-02-17,289.777
1998-02-20,288.468
1998-02-27,277.181
1998-03-02,289.736
1998-03-05,289.144
1998-03-18,286.089
1998-03-21,288.68
1998-03-24,288.633
1998-03-27,288.427
1998-04-03,285.149
1998-04-06,285.496
1998-04-09,287.095
1998-04-12,286.101
1998-04-22,283.563
1998-04-25,285.128
1998-04-28,279.984
1998-05-01,284.357
1998-05-08,283.38
1998-05-11,282.523
1998-05-17,280.515
1998-05-27,279.636
1998-05-30,277.934
1998-06-02,278.042
1998-06-12,277.003
1998-06-18,277.691
1998-06-21,277.911
1998-07-01,281.752
1998-07-04,277.272
1998-07-07,277.884
1998-07-10,278.619
1998-07-17,271.652
1998-07-20,279.385
1998-07-23,280.888
1998-07-26,280.993
1998-08-05,278.713
1998-08-08,278.405
1998-08-11,279.863
1998-08-14,282.895
1998-08-21,283.61
1998-08-24,282.618
1998-08-27,282.927
1998-08-30,285.904
1998-09-09,280.453
1998-09-15,288.299
1998-09-18,285.901
1998-09-28,286.787
1998-11-21,290.156
1998-11-24,294.916
1998-11-27,294.862
1998-12-04,292.488
1998-12-07,291.64
1998-12-13,294.822
1998-12-23,291.307
1999-01-11,293.706
1999-01-14,294.562
1999-01-17,292.381
1999-02-02,296.19
1999-02-12,286.637
1999-02-15,288.509
1999-02-18,283.261
1999-03-03,278.737
1999-03-06,287.417
1999-03-09,282.241
1999-03-12,287.537
1999-03-22,287.292
1999-03-25,276.989
1999-03-28,286.952
1999-04-07,285.844
1999-04-10,283.641
1999-04-13,285.792
1999-04-16,284.866
1999-04-23,284.778
1999-04-26,279.834
1999-04-29,284.044
1999-05-02,282.967
1999-05-12,282.216
1999-05-15,281.424
1999-05-18,281.624
1999-05-21,282.249
1999-05-28,278.774
1999-05-31,279.466
1999-06-03,279.848
1999-06-16,277.78
1999-06-19,277.52
1999-06-22,277.186
1999-06-25,279.202
1999-07-02,277.274
1999-07-05,275.791
1999-07-08,279.359
1999-07-11,279.977
1999-07-21,277.816
1999-07-24,279.19
1999-07-27,280.973
1999-07-30,280.175
1999-08-06,279.713
1999-08-09,275.54
1999-08-12,281.895
1999-08-15,282.361
1999-08-25,281.454
1999-08-28,281.263
1999-09-03,284.692
1999-09-10,281.569
1999-09-13,281.867
1999-09-16,282.586
1999-09-29,284.76
1999-10-02,285.94
1999-10-05,284.328
1999-10-08,285.367
1999-10-15,287.137
1999-10-18,281.007
1999-10-21,287.233
1999-10-24,286.941
1999-11-06,287.655
1999-11-09,285.032
1999-11-12,287.695
1999-11-19,287.248
1999-11-22,287.529
1999-11-25,288.144
1999-11-28,289.525
1999-12-08,278.982
1999-12-11,288.826
1999-12-14,286.662
1999-12-17,289.447
1999-12-24,288.995
1999-12-27,287.015
1999-12-30,281.059
2000-01-12,289.445
2000-01-12,289.445
2000-01-18,289.051
2000-01-18,289.051
2000-01-21,286.22
2000-01-21,286.22
2000-01-28,278.375
2000-01-28,278.375
2000-01-31,276.252
2000-01-31,276.252
2000-02-03,284.397
2000-02-03,284.397
2000-02-06,284.434
2000-02-06,284.434
2000-02-16,287.417
2000-02-16,287.417
2000-02-19,287.363
2000-02-19,287.363
2000-02-22,287.535
2000-02-22,287.535
2000-02-25,287.53
2000-02-25,287.53
2000-02-26,287.855
2000-02-26,287.855
2000-02-28,288.21
2000-02-28,288.21
2000-03-01,288.172
2000-03-01,288.172
2000-03-02,288.536
2000-03-02,288.536
2000-03-03,288.365
2000-03-03,288.365
2000-03-04,287.303
2000-03-04,287.303
2000-03-06,283.706
2000-03-06,283.706
2000-03-08,288.349
2000-03-08,288.349
2000-03-10,288.585
2000-03-10,288.585
2000-03-11,288.631
2000-03-11,288.631
2000-03-13,287.874
2000-03-13,287.874
2000-03-17,286.87
2000-03-17,286.87
2000-03-19,287.423
2000-03-19,287.423
2000-03-20,287.82
2000-03-20,287.82
2000-03-22,277.369
2000-03-22,277.369
2000-03-24,287.518
2000-03-24,287.518
2000-03-25,288.048
2000-03-25,288.048
2000-03-26,287.573
2000-03-26,287.573
2000-03-27,287.832
2000-03-27,287.832
2000-03-29,287.785
2000-03-29,287.785
2000-03-31,287.103
2000-03-31,287.103
2000-04-02,286.721
2000-04-02,286.721
2000-04-03,287.832
2000-04-03,287.832
2000-04-04,287.467
2000-04-04,287.467
2000-04-06,287.174
2000-04-06,287.174
2000-04-07,285.617
2000-04-07,285.617
2000-04-09,286.994
2000-04-09,286.994
2000-04-10,286.789
2000-04-10,286.789
2000-04-11,287.308
2000-04-11,287.308
2000-04-13,285.938
2000-04-13,285.938
2000-04-14,286.645
2000-04-14,286.645
2000-04-16,285.313
2000-04-16,285.313
2000-04-18,285.16
2000-04-18,285.16
2000-04-20,283.773
2000-04-20,283.773
2000-04-21,285.782
2000-04-21,285.782
2000-04-22,285.675
2000-04-22,285.675
2000-04-26,284.479
2000-04-26,284.479
2000-04-29,284.803
2000-04-29,284.803
2000-04-30,285.074
2000-04-30,285.074
2000-05-02,282.997
2000-05-02,282.997
2000-05-04,283.107
2000-05-04,283.107
2000-05-05,282.999
2000-05-05,282.999
2000-05-06,284.118
2000-05-06,284.118
2000-05-07,282.61
2000-05-07,282.61
2000-05-08,282.24
2000-05-08,282.24
2000-05-11,283.716
2000-05-11,283.716
2000-05-12,283.122
2000-05-12,283.122
2000-05-13,281.463
2000-05-13,281.463
2000-05-14,282.212
2000-05-14,282.212
2000-05-15,281.807
2000-05-15,281.807
2000-05-16,281.225
2000-05-16,281.225
2000-05-18,276.582
2000-05-18,276.582
2000-05-20,280.525
2000-05-20,280.525
2000-05-21,279.521
2000-05-21,279.521
2000-05-22,280.582
2000-05-22,280.582
2000-05-23,281.96
2000-05-23,281.96
2000-05-24,281.959
2000-05-24,281.959
2000-05-25,281.341
2000-05-25,281.341
2000-05-27,281.176
2000-05-27,281.176
2000-05-29,281.502
2000-05-29,281.502
2000-05-30,281.508
2000-05-30,281.508
2000-05-31,279.666
2000-05-31,279.666
2000-06-01,280.418
2000-06-01,280.418
2000-06-03,277.113
2000-06-03,277.113
2000-06-05,279.259
2000-06-05,279.259
2000-06-06,270.89
2000-06-06,270.89
2000-06-07,280.917
2000-06-07,280.917
2000-06-08,281.047
2000-06-08,281.047
2000-06-09,280.473
2000-06-09,280.473
2000-06-10,280.82
2000-06-10,280.82
2000-06-13,279.06
2000-06-13,279.06
2000-06-14,278.763
2000-06-14,278.763
2000-06-15,279.812
2000-06-15,279.812
2000-06-16,278.085
2000-06-16,278.085
2000-06-17,279.199
2000-06-17,279.199
2000-06-19,277.032
2000-06-19,277.032
2000-06-21,278.341
2000-06-21,278.341
2000-06-22,277.493
2000-06-22,277.493
2000-06-24,278.142
2000-06-24,278.142
2000-06-25,277.139
2000-06-25,277.139
2000-06-26,279.083
2000-06-26,279.083
2000-06-28,279.091
2000-06-28,279.091
2000-06-29,280.328
2000-06-29,280.328
2000-06-30,279.28
2000-06-30,279.28
2000-07-01,280.387
2000-07-01,280.387
2000-07-02,279.573
2000-07-02,279.573
2000-07-03,279.533
2000-07-03,279.533
2000-07-05,279.211
2000-07-05,279.211
2000-07-07,279.072
2000-07-07,279.072
2000-07-08,277.452
2000-07-08,277.452
2000-07-09,279.649
2000-07-09,279.649
2000-07-10,278.268
2000-07-10,278.268
2000-07-11,276.673
2000-07-11,276.673
2000-07-12,277.401
2000-07-12,277.401
2000-07-14,277.187
2000-07-14,277.187
2000-07-15,277.99
2000-07-15,277.99
2000-07-16,277.445
2000-07-16,277.445
2000-07-17,279.441
2000-07-17,279.441
2000-07-18,278.321
2000-07-18,278.321
2000-07-19,277.798
2000-07-19,277.798
2000-07-21,277.792
2000-07-21,277.792
2000-07-23,277.773
2000-07-23,277.773
2000-07-24,277.336
2000-07-24,277.336
2000-07-25,278.058
2000-07-25,278.058
2000-07-26,280.296
2000-07-26,280.296
2000-07-27,278.929
2000-07-27,278.929
2000-07-28,280.728
2000-07-28,280.728
2000-07-30,278.558
2000-07-30,278.558
2000-07-31,280.746
2000-07-31,280.746
2000-08-01,278.769
2000-08-01,278.769
2000-08-02,280.368
2000-08-02,280.368
2000-08-03,279.995
2000-08-03,279.995
2000-08-04,281.111
2000-08-04,281.111
2000-08-09,278.746
2000-08-09,278.746
2000-08-12,281.419
2000-08-12,281.419
2000-08-15,279.487
2000-08-15,279.487
2000-08-18,281.341
2000-08-18,281.341
2000-08-19,281.469
2000-08-19,281.469
2000-08-20,281.676
2000-08-20,281.676
2000-08-22,283.1
2000-08-22,283.1
2000-08-24,282.221
2000-08-24,282.221
2000-08-25,283.131
2000-08-25,283.131
2000-08-26,283.238
2000-08-26,283.238
2000-08-27,282.984
2000-08-27,282.984
2000-08-28,276.558
2000-08-28,276.558
2000-08-29,282.29
2000-08-29,282.29
2000-08-31,280.689
2000-08-31,280.689
2000-09-01,283.917
2000-09-01,283.917
2000-09-02,282.457
2000-09-02,282.457
2000-09-03,275.84
2000-09-03,275.84
2000-09-04,282.127
2000-09-04,282.127
2000-09-05,283.055
2000-09-05,283.055
2000-09-07,283.073
2000-09-07,283.073
2000-09-10,282.766
2000-09-10,282.766
2000-09-11,283.713
2000-09-11,283.713
2000-09-12,284.647
2000-09-12,284.647
2000-09-13,282.47
2000-09-13,282.47
2000-09-14,283.585
2000-09-14,283.585
2000-09-16,282.883
2000-09-16,282.883
2000-09-18,284.896
2000-09-18,284.896
2000-09-19,285.944
2000-09-19,285.944
2000-09-20,285.063
2000-09-20,285.063
2000-09-21,285.489
2000-09-21,285.489
2000-09-22,284.428
2000-09-22,284.428
2000-09-23,285.952
2000-09-23,285.952
2000-09-25,285.207
2000-09-25,285.207
2000-09-26,285.277
2000-09-26,285.277
2000-09-27,286.003
2000-09-27,286.003
2000-09-28,285.83
2000-09-28,285.83
2000-09-29,285.432
2000-09-29,285.432
2000-10-02,286.627
2000-10-02,286.627
2000-10-04,287.062
2000-10-04,287.062
2000-10-05,286.132
2000-10-05,286.132
2000-10-09,284.853
2000-10-09,284.853
2000-10-11,285.995
2000-10-11,285.995
2000-10-12,286.692
2000-10-12,286.692
2000-10-13,284.87
2000-10-13,284.87
2000-10-14,286.245
2000-10-14,286.245
2000-10-16,286.876
2000-10-16,286.876
2000-10-18,286.758
2000-10-18,286.758
2000-10-20,286.87
2000-10-20,286.87
2000-10-21,289.457
2000-10-21,289.457
2000-10-22,288.494
2000-10-22,288.494
2000-10-23,286.607
2000-10-23,286.607
2000-10-24,288.592
2000-10-24,288.592
2000-10-25,287.312
2000-10-25,287.312
2000-10-27,289.506
2000-10-27,289.506
2000-10-28,287.7
2000-10-28,287.7
2000-10-29,288.534
2000-10-29,288.534
2000-10-30,287.984
2000-10-30,287.984
2000-10-31,289.139
2000-10-31,289.139
2000-11-01,287.67
2000-11-01,287.67
2000-11-03,288.467
2000-11-03,288.467
2000-11-05,287.746
2000-11-05,287.746
2000-11-06,287.838
2000-11-06,287.838
2000-11-07,288.233
2000-11-07,288.233
2000-11-08,288.213
2000-11-08,288.213
2000-11-09,286.975
2000-11-09,286.975
2000-11-10,287.877
2000-11-10,287.877
2000-11-12,285.718
2000-11-12,285.718
2000-11-16,286.35
2000-11-16,286.35
2000-11-17,288.973
2000-11-17,288.973
2000-11-19,288.549
2000-11-19,288.549
2000-11-22,291.118
2000-11-22,291.118
2000-11-25,286.783
2000-11-25,286.783
2000-11-26,288.11
2000-11-26,288.11
2000-11-28,290.798
2000-11-28,290.798
2000-12-01,292.77
2000-12-01,292.77
2000-12-11,291.031
2000-12-11,291.031
2000-12-14,289.915
2000-12-14,289.915
2000-12-17,292.583
2000-12-17,292.583
2000-12-23,290.184
2000-12-23,290.184
2000-12-25,290.16
2000-12-25,290.16
2000-12-27,290.526
2000-12-27,290.526
2001-01-02,288.761
2001-01-02,288.761
2001-01-04,288.54
2001-01-04,288.54
2001-01-06,287.44
2001-01-06,287.44
2001-01-09,290.8
2001-01-09,290.8
2001-01-13,288.64
2001-01-13,288.64
2001-01-15,283.46
2001-01-15,283.46
2001-01-16,288.135
2001-01-16,288.135
2001-01-18,289.635
2001-01-18,289.635
2001-01-20,288.162
2001-01-20,288.162
2001-01-22,287.996
2001-01-22,287.996
2001-01-24,287.934
2001-01-24,287.934
2001-01-25,289.45
2001-01-25,289.45
2001-01-31,289.007
2001-01-31,289.007
2001-02-01,288.707
2001-02-01,288.707
2001-02-02,286.53
2001-02-02,286.53
2001-02-04,287.977
2001-02-04,287.977
2001-02-05,288.435
2001-02-05,288.435
2001-02-07,289.112
2001-02-07,289.112
2001-02-08,289.14
2001-02-08,289.14
2001-02-09,290.172
2001-02-09,290.172
2001-02-10,291.489
2001-02-10,291.489
2001-02-11,288.771
2001-02-11,288.771
2001-02-14,289.658
2001-02-14,289.658
2001-02-16,287.866
2001-02-16,287.866
2001-02-17,287.54
2001-02-17,287.54
2001-02-18,288.129
2001-02-18,288.129
2001-02-20,288.184
2001-02-20,288.184
2001-02-21,288.945
2001-02-21,288.945
2001-02-22,288.139
2001-02-22,288.139
2001-02-23,288.59
2001-02-23,288.59
2001-02-24,289.781
2001-02-24,289.781
2001-02-27,288.497
2001-02-27,288.497
2001-03-02,288.187
2001-03-02,288.187
2001-03-04,288.672
2001-03-04,288.672
2001-03-05,288.433
2001-03-05,288.433
2001-03-06,287.745
2001-03-06,287.745
2001-03-07,284.739
2001-03-07,284.739
2001-03-10,287.364
2001-03-10,287.364
2001-03-12,288.63
2001-03-12,288.63
2001-03-13,281.93
2001-03-13,281.93
2001-03-14,288.765
2001-03-14,288.765
2001-03-15,288.679
2001-03-15,288.679
2001-03-16,286.459
2001-03-16,286.459
2001-03-18,288.175
2001-03-18,288.175
2001-03-20,287.974
2001-03-20,287.974
2001-03-21,288.049
2001-03-21,288.049
2001-03-22,287.47
2001-03-22,287.47
2001-03-23,287.617
2001-03-23,287.617
2001-03-26,285.722
2001-03-26,285.722
2001-03-27,287.684
2001-03-27,287.684
2001-03-28,286.65
2001-03-28,286.65
2001-03-29,287.461
2001-03-29,287.461
2001-03-30,287.922
2001-03-30,287.922
2001-03-31,289.004
2001-03-31,289.004
2001-04-01,287.624
2001-04-01,287.624
2001-04-03,287.431
2001-04-03,287.431
2001-04-05,287.159
2001-04-05,287.159
2001-04-06,287.461
2001-04-06,287.461
2001-04-07,286.953
2001-04-07,286.953
2001-04-08,286.87
2001-04-08,286.87
2001-04-09,286.893
2001-04-09,286.893
2001-04-10,287.302
2001-04-10,287.302
2001-04-11,286.319
2001-04-11,286.319
2001-04-12,285.626
2001-04-12,285.626
2001-04-13,286.509
2001-04-13,286.509
2001-04-14,287.561
2001-04-14,287.561
2001-04-15,288.319
2001-04-15,288.319
2001-04-16,286.372
2001-04-16,286.372
2001-04-17,285.977
2001-04-17,285.977
2001-04-19,286.7
2001-04-19,286.7
2001-04-20,286.231
2001-04-20,286.231
2001-04-21,285.79
2001-04-21,285.79
2001-04-22,286.626
2001-04-22,286.626
2001-04-23,284.989
2001-04-23,284.989
2001-04-24,283.644
2001-04-24,283.644
2001-04-25,284.717
2001-04-25,284.717
2001-04-26,285.362
2001-04-26,285.362
2001-04-27,280.938
2001-04-27,280.938
2001-04-28,284.827
2001-04-28,284.827
2001-04-29,284.511
2001-04-29,284.511
2001-04-30,283.936
2001-04-30,283.936
2001-05-01,285.13
2001-05-01,285.13
2001-05-02,284.826
2001-05-02,284.826
2001-05-03,282.367
2001-05-03,282.367
2001-05-05,283.225
2001-05-05,283.225
2001-05-07,282.156
2001-05-07,282.156
2001-05-08,285.029
2001-05-08,285.029
2001-05-09,283.777
2001-05-09,283.777
2001-05-10,282.625
2001-05-10,282.625
2001-05-11,283.067
2001-05-11,283.067
2001-05-12,283.135
2001-05-12,283.135
2001-05-14,280.808
2001-05-14,280.808
2001-05-16,281.144
2001-05-16,281.144
2001-05-17,281.57
2001-05-17,281.57
2001-05-18,281.646
2001-05-18,281.646
2001-05-19,280.28
2001-05-19,280.28
2001-05-21,282.03
2001-05-21,282.03
2001-05-23,281.476
2001-05-23,281.476
2001-05-26,281.138
2001-05-26,281.138
2001-05-27,280.784
2001-05-27,280.784
2001-05-28,281.182
2001-05-28,281.182
2001-05-30,281.367
2001-05-30,281.367
2001-05-31,281.477
2001-05-31,281.477
2001-06-01,280.963
2001-06-01,280.963
2001-06-02,281.64
2001-06-02,281.64
2001-06-04,281.179
2001-06-04,281.179
2001-06-06,281.832
2001-06-06,281.832
2001-06-07,281.897
2001-06-07,281.897
2001-06-08,282.042
2001-06-08,282.042
2001-06-10,279.834
2001-06-10,279.834
2001-06-11,279.31
2001-06-11,279.31
2001-06-12,279.764
2001-06-12,279.764
2001-06-13,282.061
2001-06-13,282.061
2001-06-23,278.052
2001-06-23,278.052
2001-06-26,278.345
2001-06-26,278.345
2001-07-04,280.654
2001-07-04,280.654
2001-07-05,280.169
2001-07-05,280.169
2001-07-06,279.048
2001-07-06,279.048
2001-07-08,280.439
2001-07-08,280.439
2001-07-09,279.478
2001-07-09,279.478
2001-07-10,280.579
2001-07-10,280.579
2001-07-11,280.106
2001-07-11,280.106
2001-07-12,279.254
2001-07-12,279.254
2001-07-13,280.506
2001-07-13,280.506
2001-07-14,280.292
2001-07-14,280.292
2001-07-15,280.253
2001-07-15,280.253
2001-07-17,279.442
2001-07-17,279.442
2001-07-18,280.111
2001-07-18,280.111
2001-07-19,280.076
2001-07-19,280.076
2001-07-20,280.775
2001-07-20,280.775
2001-07-21,279.404
2001-07-21,279.404
2001-07-22,280.638
2001-07-22,280.638
2001-07-24,280.837
2001-07-24,280.837
2001-07-26,280.765
2001-07-26,280.765
2001-07-27,281.069
2001-07-27,281.069
2001-07-28,279.891
2001-07-28,279.891
2001-07-29,279.945
2001-07-29,279.945
2001-07-30,279.7
2001-07-30,279.7
2001-07-31,281.272
2001-07-31,281.272
2001-08-02,281.838
2001-08-02,281.838
2001-08-03,281.692
2001-08-03,281.692
2001-08-04,282.269
2001-08-04,282.269
2001-08-06,281.394
2001-08-06,281.394
2001-08-07,282.122
2001-08-07,282.122
2001-08-13,281.591
2001-08-13,281.591
2001-08-14,282.515
2001-08-14,282.515
2001-08-15,281.568
2001-08-15,281.568
2001-08-16,281.114
2001-08-16,281.114
2001-08-18,281.667
2001-08-18,281.667
2001-08-19,280.451
2001-08-19,280.451
2001-08-20,281.35
2001-08-20,281.35
2001-08-21,281.459
2001-08-21,281.459
2001-08-22,281.034
2001-08-22,281.034
2001-08-23,282.751
2001-08-23,282.751
2001-08-25,282.858
2001-08-25,282.858
2001-08-27,283.02
2001-08-27,283.02
2001-08-28,283.69
2001-08-28,283.69
2001-08-29,283.496
2001-08-29,283.496
2001-08-30,284.819
2001-08-30,284.819
2001-08-31,284.381
2001-08-31,284.381
2001-09-01,281.828
2001-09-01,281.828
2001-09-03,284.736
2001-09-03,284.736
2001-09-04,285.597
2001-09-04,285.597
2001-09-05,285.092
2001-09-05,285.092
2001-09-06,286.868
2001-09-06,286.868
2001-09-07,286.087
2001-09-07,286.087
2001-09-08,285.06
2001-09-08,285.06
2001-09-10,286.253
2001-09-10,286.253
2001-09-12,284.911
2001-09-12,284.911
2001-09-13,285.273
2001-09-13,285.273
2001-09-14,285.031
2001-09-14,285.031
2001-09-15,285.107
2001-09-15,285.107
2001-09-16,284.815
2001-09-16,284.815
2001-09-17,284.995
2001-09-17,284.995
2001-09-19,284.074
2001-09-19,284.074
2001-09-20,275.198
2001-09-20,275.198
2001-09-21,284.983
2001-09-21,284.983
2001-09-22,286.735
2001-09-22,286.735
2001-09-23,285.831
2001-09-23,285.831
2001-09-24,284.028
2001-09-24,284.028
2001-09-26,285.45
2001-09-26,285.45
2001-09-28,283.819
2001-09-28,283.819
2001-09-29,285.16
2001-09-29,285.16
2001-09-30,284.67
2001-09-30,284.67
2001-10-01,285.592
2001-10-01,285.592
2001-10-02,286.328
2001-10-02,286.328
2001-10-03,285.788
2001-10-03,285.788
2001-10-05,286.056
2001-10-05,286.056
2001-10-07,284.934
2001-10-07,284.934
2001-10-08,285.782
2001-10-08,285.782
2001-10-09,285.959
2001-10-09,285.959
2001-10-10,287.034
2001-10-10,287.034
2001-10-14,285.135
2001-10-14,285.135
2001-10-15,286.621
2001-10-15,286.621
2001-10-16,288.344
2001-10-16,288.344
2001-10-17,286.176
2001-10-17,286.176
2001-10-18,287.563
2001-10-18,287.563
2001-10-19,288.357
2001-10-19,288.357
2001-10-21,287.829
2001-10-21,287.829
2001-10-22,286.776
2001-10-22,286.776
2001-10-23,287.364
2001-10-23,287.364
2001-10-24,288.415
2001-10-24,288.415
2001-10-25,287.584
2001-10-25,287.584
2001-10-28,288.357
2001-10-28,288.357
2001-10-30,287.099
2001-10-30,287.099
2001-10-31,288.011
2001-10-31,288.011
2001-11-01,287.723
2001-11-01,287.723
2001-11-02,287.861
2001-11-02,287.861
2001-11-03,287.411
2001-11-03,287.411
2001-11-04,288.864
2001-11-04,288.864
2001-11-06,288.758
2001-11-06,288.758
2001-11-07,287.624
2001-11-07,287.624
2001-11-08,288.628
2001-11-08,288.628
2001-11-09,288.111
2001-11-09,288.111
2001-11-10,287.997
2001-11-10,287.997
2001-11-11,288.371
2001-11-11,288.371
2001-11-15,288.755
2001-11-15,288.755
2001-11-16,289.173
2001-11-16,289.173
2001-11-17,286.878
2001-11-17,286.878
2001-11-18,288.562
2001-11-18,288.562
2001-11-19,287.895
2001-11-19,287.895
2001-11-22,289.261
2001-11-22,289.261
2001-11-23,289.56
2001-11-23,289.56
2001-11-24,289.872
2001-11-24,289.872
2001-11-26,290.13
2001-11-26,290.13
2001-11-29,289.711
2001-11-29,289.711
2001-12-01,289.781
2001-12-01,289.781
2001-12-02,289.873
2001-12-02,289.873
2001-12-03,288.495
2001-12-03,288.495
2001-12-04,288.92
2001-12-04,288.92
2001-12-05,288.342
2001-12-05,288.342
2001-12-06,290.063
2001-12-06,290.063
2001-12-08,288.262
2001-12-08,288.262
2001-12-10,288.748
2001-12-10,288.748
2001-12-11,290.265
2001-12-11,290.265
2001-12-17,287.015
2001-12-17,287.015
2001-12-18,285.454
2001-12-18,285.454
2001-12-19,288.171
2001-12-19,288.171
2001-12-20,290.42
2001-12-20,290.42
2001-12-21,288.858
2001-12-21,288.858
2001-12-22,288.377
2001-12-22,288.377
2001-12-24,288.198
2001-12-24,288.198
2001-12-25,289.564
2001-12-25,289.564
2001-12-26,288.719
2001-12-26,288.719
2001-12-27,290.058
2001-12-27,290.058
2001-12-28,289.5
2001-12-28,289.5
2001-12-31,288.508
2001-12-31,288.508
2002-01-02,290.282
2002-01-02,290.282
2002-01-03,290.122
2002-01-03,290.122
2002-01-04,289.951
2002-01-04,289.951
2002-01-05,289.829
2002-01-05,289.829
2002-01-06,286.517
2002-01-06,286.517
2002-01-07,289.73
2002-01-07,289.73
2002-01-09,289.648
2002-01-09,289.648
2002-01-10,290.677
2002-01-10,290.677
2002-01-11,289.446
2002-01-11,289.446
2002-01-12,289.937
2002-01-12,289.937
2002-01-13,289.143
2002-01-13,289.143
2002-01-16,289.198
2002-01-16,289.198
2002-01-18,287.799
2002-01-18,287.799
2002-01-19,286.642
2002-01-19,286.642
2002-01-20,287.874
2002-01-20,287.874
2002-01-21,289.719
2002-01-21,289.719
2002-01-22,283.223
2002-01-22,283.223
2002-01-23,290.336
2002-01-23,290.336
2002-01-25,288.395
2002-01-25,288.395
2002-01-26,289.799
2002-01-26,289.799
2002-01-27,288.291
2002-01-27,288.291
2002-01-28,288.976
2002-01-28,288.976
2002-01-29,289.507
2002-01-29,289.507
2002-02-03,288.591
2002-02-03,288.591
2002-02-04,289.964
2002-02-04,289.964
2002-02-05,287.818
2002-02-05,287.818
2002-02-07,286.343
2002-02-07,286.343
2002-02-08,288.341
2002-02-08,288.341
2002-02-10,288.636
2002-02-10,288.636
2002-02-11,288.605
2002-02-11,288.605
2002-02-13,289.155
2002-02-13,289.155
2002-02-15,289.172
2002-02-15,289.172
2002-02-17,287.66
2002-02-17,287.66
2002-02-19,288.103
2002-02-19,288.103
2002-02-23,286.821
2002-02-23,286.821
2002-02-26,283.485
2002-02-26,283.485
2002-02-28,287.93
2002-02-28,287.93
2002-03-01,282.784
2002-03-01,282.784
2002-03-08,289.242
2002-03-08,289.242
2002-03-09,287.66
2002-03-09,287.66
2002-03-11,288.509
2002-03-11,288.509
2002-03-12,289.215
2002-03-12,289.215
2002-03-14,288.351
2002-03-14,288.351
2002-03-15,288.716
2002-03-15,288.716
2002-03-16,287.804
2002-03-16,287.804
2002-03-17,288.04
2002-03-17,288.04
2002-03-30,287.662
2002-03-30,287.662
2002-03-31,289.05
2002-03-31,289.05
2002-04-01,286.88
2002-04-01,286.88
2002-04-02,286.962
2002-04-02,286.962
2002-04-03,288.009
2002-04-03,288.009
2002-04-04,287.677
2002-04-04,287.677
2002-04-05,287.308
2002-04-05,287.308
2002-04-06,288.433
2002-04-06,288.433
2002-04-08,287.707
2002-04-08,287.707
2002-04-09,286.743
2002-04-09,286.743
2002-04-10,285.939
2002-04-10,285.939
2002-04-11,285.526
2002-04-11,285.526
2002-04-12,285.715
2002-04-12,285.715
2002-04-13,285.984
2002-04-13,285.984
2002-04-16,287.915
2002-04-16,287.915
2002-04-17,287.558
2002-04-17,287.558
2002-04-18,286.394
2002-04-18,286.394
2002-04-19,286.407
2002-04-19,286.407
2002-04-20,286.96
2002-04-20,286.96
2002-04-22,283.768
2002-04-22,283.768
2002-04-24,284.885
2002-04-24,284.885
2002-04-25,284.664
2002-04-25,284.664
2002-04-26,284.361
2002-04-26,284.361
2002-04-27,284.265
2002-04-27,284.265
2002-04-28,284.927
2002-04-28,284.927
2002-04-29,284.348
2002-04-29,284.348
2002-05-01,283.734
2002-05-01,283.734
2002-05-02,285.43
2002-05-02,285.43
2002-05-03,284.156
2002-05-03,284.156
2002-05-04,283.493
2002-05-04,283.493
2002-05-05,283.574
2002-05-05,283.574
2002-05-06,284.812
2002-05-06,284.812
2002-05-07,281.64
2002-05-07,281.64
2002-05-08,284.102
2002-05-08,284.102
2002-05-10,284.095
2002-05-10,284.095
2002-05-12,282.12
2002-05-12,282.12
2002-05-13,282.796
2002-05-13,282.796
2002-05-14,283.504
2002-05-14,283.504
2002-05-15,283.953
2002-05-15,283.953
2002-05-17,282.574
2002-05-17,282.574
2002-05-18,282.208
2002-05-18,282.208
2002-05-19,282.013
2002-05-19,282.013
2002-05-20,280.877
2002-05-20,280.877
2002-05-21,281.596
2002-05-21,281.596
2002-05-22,280.384
2002-05-22,280.384
2002-05-23,281.314
2002-05-23,281.314
2002-05-24,282.166
2002-05-24,282.166
2002-05-26,282.892
2002-05-26,282.892
2002-05-28,280.772
2002-05-28,280.772
2002-05-29,280.542
2002-05-29,280.542
2002-05-31,279.428
2002-05-31,279.428
2002-06-02,280.031
2002-06-02,280.031
2002-06-03,280.8
2002-06-03,280.8
2002-06-04,280.731
2002-06-04,280.731
2002-06-05,279.539
2002-06-05,279.539
2002-06-06,280.475
2002-06-06,280.475
2002-06-07,280.472
2002-06-07,280.472
2002-06-08,280.051
2002-06-08,280.051
2002-06-11,280.712
2002-06-11,280.712
2002-06-13,280.957
2002-06-13,280.957
2002-06-14,276.997
2002-06-14,276.997
2002-06-15,279.523
2002-06-15,279.523
2002-06-16,280.75
2002-06-16,280.75
2002-06-18,280.047
2002-06-18,280.047
2002-06-19,281.079
2002-06-19,281.079
2002-06-20,279.494
2002-06-20,279.494
2002-06-21,279.306
2002-06-21,279.306
2002-06-22,280.16
2002-06-22,280.16
2002-06-23,280.334
2002-06-23,280.334
2002-06-24,279.081
2002-06-24,279.081
2002-06-25,280.597
2002-06-25,280.597
2002-06-27,280.365
2002-06-27,280.365
2002-06-29,280.505
2002-06-29,280.505
2002-06-30,277.276
2002-06-30,277.276
2002-07-01,279.421
2002-07-01,279.421
2002-07-04,277.983
2002-07-04,277.983
2002-07-05,278.442
2002-07-05,278.442
2002-07-06,276.997
2002-07-06,276.997
2002-07-07,277.615
2002-07-07,277.615
2002-07-08,277.607
2002-07-08,277.607
2002-07-09,278.554
2002-07-09,278.554
2002-07-11,278.845
2002-07-11,278.845
2002-07-13,278.597
2002-07-13,278.597
2002-07-14,280.518
2002-07-14,280.518
2002-07-15,279.794
2002-07-15,279.794
2002-07-16,278.921
2002-07-16,278.921
2002-07-19,274.641
2002-07-19,274.641
2002-07-20,279.568
2002-07-20,279.568
2002-07-21,279.089
2002-07-21,279.089
2002-07-22,278.761
2002-07-22,278.761
2002-07-23,279.599
2002-07-23,279.599
2002-07-24,279.901
2002-07-24,279.901
2002-07-25,281.08
2002-07-25,281.08
2002-07-26,280.473
2002-07-26,280.473
2002-07-27,280.806
2002-07-27,280.806
2002-07-30,279.98
2002-07-30,279.98
2002-07-31,280.625
2002-07-31,280.625
2002-08-01,280.469
2002-08-01,280.469
2002-08-02,280.897
2002-08-02,280.897
2002-08-03,281.209
2002-08-03,281.209
2002-08-04,278.555
2002-08-04,278.555
2002-08-05,281.954
2002-08-05,281.954
2002-08-06,282.799
2002-08-06,282.799
2002-08-07,280.512
2002-08-07,280.512
2002-08-08,281.245
2002-08-08,281.245
2002-08-09,280.751
2002-08-09,280.751
2002-08-10,282.546
2002-08-10,282.546
2002-08-12,281.96
2002-08-12,281.96
2002-08-14,280.542
2002-08-14,280.542
2002-08-16,282.788
2002-08-16,282.788
2002-08-17,280.174
2002-08-17,280.174
2002-08-18,282.79
2002-08-18,282.79
2002-08-19,282.304
2002-08-19,282.304
2002-08-20,280.744
2002-08-20,280.744
2002-08-21,281.564
2002-08-21,281.564
2002-08-22,281.935
2002-08-22,281.935
2002-08-23,281.227
2002-08-23,281.227
2002-08-24,280.99
2002-08-24,280.99
2002-08-25,282.564
2002-08-25,282.564
2002-08-26,283.495
2002-08-26,283.495
2002-08-28,283.21
2002-08-28,283.21
2002-08-30,281.754
2002-08-30,281.754
2002-08-31,283.418
2002-08-31,283.418
2002-09-01,281.848
2002-09-01,281.848
2002-09-02,278.586
2002-09-02,278.586
2002-09-04,284.019
2002-09-04,284.019
2002-09-05,275.61
2002-09-05,275.61
2002-09-06,283.207
2002-09-06,283.207
2002-09-07,285.287
2002-09-07,285.287
2002-09-08,284.192
2002-09-08,284.192
2002-09-09,284.962
2002-09-09,284.962
2002-09-10,283.513
2002-09-10,283.513
2002-09-11,284.202
2002-09-11,284.202
2002-09-15,283.901
2002-09-15,283.901
2002-09-16,285.049
2002-09-16,285.049
2002-09-17,284.787
2002-09-17,284.787
2002-09-18,283.808
2002-09-18,283.808
2002-09-19,283.39
2002-09-19,283.39
2002-09-20,284.741
2002-09-20,284.741
2002-09-21,284.044
2002-09-21,284.044
2002-09-22,285.083
2002-09-22,285.083
2002-09-23,285.914
2002-09-23,285.914
2002-09-24,284.917
2002-09-24,284.917
2002-09-25,285.917
2002-09-25,285.917
2002-09-26,286.291
2002-09-26,286.291
2002-09-27,285.141
2002-09-27,285.141
2002-09-29,286.69
2002-09-29,286.69
2002-10-01,286.252
2002-10-01,286.252
2002-10-02,287.658
2002-10-02,287.658
2002-10-03,285.413
2002-10-03,285.413
2002-10-04,287.263
2002-10-04,287.263
2002-10-05,287.751
2002-10-05,287.751
2002-10-06,287.936
2002-10-06,287.936
2002-10-07,286.947
2002-10-07,286.947
2002-10-08,287.809
2002-10-08,287.809
2002-10-09,287.063
2002-10-09,287.063
2002-10-10,285.813
2002-10-10,285.813
2002-10-11,286.274
2002-10-11,286.274
2002-10-12,287.347
2002-10-12,287.347
2002-10-13,282.618
2002-10-13,282.618
2002-10-15,287.225
2002-10-15,287.225
2002-10-17,286.537
2002-10-17,286.537
2002-10-18,287.886
2002-10-18,287.886
2002-10-19,288.631
2002-10-19,288.631
2002-10-20,288.548
2002-10-20,288.548
2002-10-21,287.806
2002-10-21,287.806
2002-10-22,287.398
2002-10-22,287.398
2002-10-24,288.234
2002-10-24,288.234
2002-10-26,288.986
2002-10-26,288.986
2002-10-27,288.873
2002-10-27,288.873
2002-10-28,286.585
2002-10-28,286.585
2002-10-29,288.06
2002-10-29,288.06
2002-10-31,287.528
2002-10-31,287.528
2002-11-01,287.471
2002-11-01,287.471
2002-11-02,288.43
2002-11-02,288.43
2002-11-03,288.658
2002-11-03,288.658
2002-11-04,287.319
2002-11-04,287.319
2002-11-06,288.9
2002-11-06,288.9
2002-11-07,289.893
2002-11-07,289.893
2002-11-08,287.706
2002-11-08,287.706
2002-11-09,287.217
2002-11-09,287.217
2002-11-10,289.243
2002-11-10,289.243
2002-11-11,285.726
2002-11-11,285.726
2002-11-12,287.306
2002-11-12,287.306
2002-11-13,287.827
2002-11-13,287.827
2002-11-14,288.19
2002-11-14,288.19
2002-11-16,288.591
2002-11-16,288.591
2002-11-17,289.031
2002-11-17,289.031
2002-11-18,288.652
2002-11-18,288.652
2002-11-19,288.984
2002-11-19,288.984
2002-11-20,288.538
2002-11-20,288.538
2002-11-21,285.96
2002-11-21,285.96
2002-11-23,288.38
2002-11-23,288.38
2002-11-25,289.278
2002-11-25,289.278
2002-11-26,287.977
2002-11-26,287.977
2002-11-27,286.587
2002-11-27,286.587
2002-11-28,289.675
2002-11-28,289.675
2002-11-29,288.308
2002-11-29,288.308
2002-11-30,288.0
2002-11-30,288.0
2002-12-02,289.301
2002-12-02,289.301
2002-12-04,286.32
2002-12-04,286.32
2002-12-06,287.062
2002-12-06,287.062
2002-12-07,288.703
2002-12-07,288.703
2002-12-11,287.724
2002-12-11,287.724
2002-12-12,289.922
2002-12-12,289.922
2002-12-13,288.513
2002-12-13,288.513
2002-12-14,290.819
2002-12-14,290.819
2002-12-15,289.02
2002-12-15,289.02
2002-12-16,286.463
2002-12-16,286.463
2002-12-18,289.383
2002-12-18,289.383
2002-12-19,290.276
2002-12-19,290.276
2002-12-22,287.267
2002-12-22,287.267
2002-12-23,289.768
2002-12-23,289.768
2002-12-25,290.204
2002-12-25,290.204
2002-12-27,289.779
2002-12-27,289.779
2002-12-28,290.084
2002-12-28,290.084
2002-12-31,289.93
2002-12-31,289.93
2003-01-01,288.588
2003-01-01,288.588
2003-01-03,287.253
2003-01-03,287.253
2003-01-04,289.581
2003-01-04,289.581
2003-01-05,287.844
2003-01-05,287.844
2003-01-06,290.978
2003-01-06,290.978
2003-01-07,282.399
2003-01-07,282.399
2003-01-08,291.87
2003-01-08,291.87
2003-01-10,288.985
2003-01-10,288.985
2003-01-12,289.131
2003-01-12,289.131
2003-01-13,291.309
2003-01-13,291.309
2003-01-14,287.23
2003-01-14,287.23
2003-01-15,290.823
2003-01-15,290.823
2003-01-19,288.148
2003-01-19,288.148
2003-01-21,288.4
2003-01-21,288.4
2003-01-23,287.83
2003-01-23,287.83
2003-01-26,289.224
2003-01-26,289.224
2003-01-28,289.179
2003-01-28,289.179
2003-01-29,288.208
2003-01-29,288.208
2003-01-30,288.142
2003-01-30,288.142
2003-01-31,289.211
2003-01-31,289.211
2003-02-02,291.154
2003-02-02,291.154
2003-02-04,288.718
2003-02-04,288.718
2003-02-05,287.405
2003-02-05,287.405
2003-02-06,288.905
2003-02-06,288.905
2003-02-07,288.317
2003-02-07,288.317
2003-02-08,285.618
2003-02-08,285.618
2003-02-10,289.506
2003-02-10,289.506
2003-02-11,288.688
2003-02-11,288.688
2003-02-14,284.465
2003-02-14,284.465
2003-02-15,288.833
2003-02-15,288.833
2003-02-16,290.315
2003-02-16,290.315
2003-02-18,289.117
2003-02-18,289.117
2003-02-20,288.577
2003-02-20,288.577
2003-02-22,288.056
2003-02-22,288.056
2003-02-23,289.643
2003-02-23,289.643
2003-02-24,287.847
2003-02-24,287.847
2003-02-25,289.285
2003-02-25,289.285
2003-02-26,289.398
2003-02-26,289.398
2003-02-27,288.303
2003-02-27,288.303
2003-03-01,288.329
2003-03-01,288.329
2003-03-02,287.529
2003-03-02,287.529
2003-03-03,287.158
2003-03-03,287.158
2003-03-04,287.682
2003-03-04,287.682
2003-03-06,288.4
2003-03-06,288.4
2003-03-08,287.357
2003-03-08,287.357
2003-03-10,288.477
2003-03-10,288.477
2003-03-11,288.274
2003-03-11,288.274
2003-03-12,287.203
2003-03-12,287.203
2003-03-13,289.539
2003-03-13,289.539
2003-03-15,287.215
2003-03-15,287.215
2003-03-17,286.269
2003-03-17,286.269
2003-03-18,288.782
2003-03-18,288.782
2003-03-19,287.702
2003-03-19,287.702
2003-03-20,288.388
2003-03-20,288.388
2003-03-21,282.893
2003-03-21,282.893
2003-03-22,288.143
2003-03-22,288.143
2003-03-24,288.201
2003-03-24,288.201
2003-03-27,288.08
2003-03-27,288.08
2003-03-28,287.156
2003-03-28,287.156
2003-03-29,287.1
2003-03-29,287.1
2003-03-31,283.874
2003-03-31,283.874
2003-04-02,287.397
2003-04-02,287.397
2003-04-03,287.324
2003-04-03,287.324
2003-04-04,287.578
2003-04-04,287.578
2003-04-05,287.578
2003-04-05,287.578
2003-04-06,286.723
2003-04-06,286.723
2003-04-07,286.347
2003-04-07,286.347
2003-04-09,285.538
2003-04-09,285.538
2003-04-11,285.135
2003-04-11,285.135
2003-04-12,286.521
2003-04-12,286.521
2003-04-13,286.084
2003-04-13,286.084
2003-04-14,286.292
2003-04-14,286.292
2003-04-15,285.947
2003-04-15,285.947
2003-04-16,284.764
2003-04-16,284.764
2003-04-18,283.255
2003-04-18,283.255
2003-04-19,282.456
2003-04-19,282.456
2003-04-20,283.927
2003-04-20,283.927
2003-04-21,285.833
2003-04-21,285.833
2003-04-22,284.049
2003-04-22,284.049
2003-04-23,285.65
2003-04-23,285.65
2003-04-25,285.864
2003-04-25,285.864
2003-04-27,285.956
2003-04-27,285.956
2003-04-29,286.58
2003-04-29,286.58
2003-05-02,285.791
2003-05-02,285.791
2003-05-04,283.936
2003-05-04,283.936
2003-05-05,282.787
2003-05-05,282.787
2003-05-06,283.734
2003-05-06,283.734
2003-05-07,284.548
2003-05-07,284.548
2003-05-08,282.405
2003-05-08,282.405
2003-05-09,283.555
2003-05-09,283.555
2003-05-11,283.042
2003-05-11,283.042
2003-05-13,282.806
2003-05-13,282.806
2003-05-15,282.186
2003-05-15,282.186
2003-05-16,281.61
2003-05-16,281.61
2003-05-18,282.821
2003-05-18,282.821
2003-05-20,279.935
2003-05-20,279.935
2003-05-21,280.485
2003-05-21,280.485
2003-05-22,281.512
2003-05-22,281.512
2003-05-23,282.479
2003-05-23,282.479
2003-05-24,280.831
2003-05-24,280.831
2003-05-25,281.589
2003-05-25,281.589
2003-05-27,279.905
2003-05-27,279.905
2003-05-29,280.854
2003-05-29,280.854
2003-05-30,280.596
2003-05-30,280.596
2003-05-31,281.067
2003-05-31,281.067
2003-06-01,281.427
2003-06-01,281.427
2003-06-02,281.281
2003-06-02,281.281
2003-06-03,278.44
2003-06-03,278.44
2003-06-05,280.124
2003-06-05,280.124
2003-06-06,279.268
2003-06-06,279.268
2003-06-07,280.69
2003-06-07,280.69
2003-06-08,281.131
2003-06-08,281.131
2003-06-09,280.059
2003-06-09,280.059
2003-06-10,280.32
2003-06-10,280.32
2003-06-12,280.355
2003-06-12,280.355
2003-06-14,280.37
2003-06-14,280.37
2003-06-15,279.942
2003-06-15,279.942
2003-06-17,280.296
2003-06-17,280.296
2003-06-19,279.78
2003-06-19,279.78
2003-06-21,279.896
2003-06-21,279.896
2003-06-22,280.493
2003-06-22,280.493
2003-06-23,279.47
2003-06-23,279.47
2003-06-24,280.195
2003-06-24,280.195
2003-06-25,278.59
2003-06-25,278.59
2003-06-26,279.48
2003-06-26,279.48
2003-06-28,278.685
2003-06-28,278.685
2003-06-30,279.89
2003-06-30,279.89
2003-07-01,279.266
2003-07-01,279.266
2003-07-02,280.056
2003-07-02,280.056
2003-07-03,280.351
2003-07-03,280.351
2003-07-04,280.029
2003-07-04,280.029
2003-07-05,280.545
2003-07-05,280.545
2003-07-07,279.222
2003-07-07,279.222
2003-07-08,280.294
2003-07-08,280.294
2003-07-09,279.112
2003-07-09,279.112
2003-07-10,279.939
2003-07-10,279.939
2003-07-11,278.928
2003-07-11,278.928
2003-07-12,279.747
2003-07-12,279.747
2003-07-14,279.356
2003-07-14,279.356
2003-07-16,279.754
2003-07-16,279.754
2003-07-17,277.277
2003-07-17,277.277
2003-07-18,280.252
2003-07-18,280.252
2003-07-19,280.482
2003-07-19,280.482
2003-07-20,279.907
2003-07-20,279.907
2003-07-21,280.896
2003-07-21,280.896
2003-07-23,279.631
2003-07-23,279.631
2003-07-24,279.869
2003-07-24,279.869
2003-07-25,280.996
2003-07-25,280.996
2003-07-26,280.468
2003-07-26,280.468
2003-07-27,281.02
2003-07-27,281.02
2003-07-30,280.166
2003-07-30,280.166
2003-08-01,280.928
2003-08-01,280.928
2003-08-02,282.078
2003-08-02,282.078
2003-08-03,281.282
2003-08-03,281.282
2003-08-04,281.825
2003-08-04,281.825
2003-08-05,277.478
2003-08-05,277.478
2003-08-08,280.02
2003-08-08,280.02
2003-08-10,281.236
2003-08-10,281.236
2003-08-11,282.334
2003-08-11,282.334
2003-08-12,281.493
2003-08-12,281.493
2003-08-13,282.062
2003-08-13,282.062
2003-08-15,281.335
2003-08-15,281.335
2003-08-17,281.785
2003-08-17,281.785
2003-08-18,281.53
2003-08-18,281.53
2003-08-19,282.527
2003-08-19,282.527
2003-08-20,283.311
2003-08-20,283.311
2003-08-21,282.73
2003-08-21,282.73
2003-08-22,283.783
2003-08-22,283.783
2003-08-24,281.971
2003-08-24,281.971
2003-08-25,283.358
2003-08-25,283.358
2003-08-26,282.359
2003-08-26,282.359
2003-08-27,282.43
2003-08-27,282.43
2003-08-28,282.869
2003-08-28,282.869
2003-08-29,282.483
2003-08-29,282.483
2003-08-31,283.187
2003-08-31,283.187
2003-09-02,283.468
2003-09-02,283.468
2003-09-03,282.494
2003-09-03,282.494
2003-09-04,283.493
2003-09-04,283.493
2003-09-05,284.166
2003-09-05,284.166
2003-09-06,284.498
2003-09-06,284.498
2003-09-07,283.732
2003-09-07,283.732
2003-09-09,280.619
2003-09-09,280.619
2003-09-10,283.535
2003-09-10,283.535
2003-09-11,283.335
2003-09-11,283.335
2003-09-13,283.552
2003-09-13,283.552
2003-09-14,283.825
2003-09-14,283.825
2003-09-16,283.661
2003-09-16,283.661
2003-09-18,284.849
2003-09-18,284.849
2003-09-19,284.884
2003-09-19,284.884
2003-09-20,285.203
2003-09-20,285.203
2003-09-21,285.221
2003-09-21,285.221
2003-09-22,285.582
2003-09-22,285.582
2003-09-23,284.285
2003-09-23,284.285
2003-09-25,284.734
2003-09-25,284.734
2003-09-26,286.212
2003-09-26,286.212
2003-09-27,284.608
2003-09-27,284.608
2003-09-28,283.72
2003-09-28,283.72
2003-09-29,285.432
2003-09-29,285.432
2003-09-30,287.118
2003-09-30,287.118
2003-10-02,287.089
2003-10-02,287.089
2003-10-04,284.568
2003-10-04,284.568
2003-10-05,287.697
2003-10-05,287.697
2003-10-06,285.819
2003-10-06,285.819
2003-10-07,286.469
2003-10-07,286.469
2003-10-08,285.669
2003-10-08,285.669
2003-10-09,286.562
2003-10-09,286.562
2003-10-11,283.261
2003-10-11,283.261
2003-10-13,287.053
2003-10-13,287.053
2003-10-14,287.113
2003-10-14,287.113
2003-10-15,286.849
2003-10-15,286.849
2003-10-16,288.04
2003-10-16,288.04
2003-10-17,286.234
2003-10-17,286.234
2003-10-18,287.541
2003-10-18,287.541
2003-10-20,288.029
2003-10-20,288.029
2003-10-21,288.396
2003-10-21,288.396
2003-10-22,286.982
2003-10-22,286.982
2003-10-23,288.351
2003-10-23,288.351
2003-10-24,284.446
2003-10-24,284.446
2003-10-25,285.7
2003-10-25,285.7
2003-10-27,286.996
2003-10-27,286.996
2003-10-28,288.95
2003-10-28,288.95
2003-10-29,286.195
2003-10-29,286.195
2003-10-30,286.457
2003-10-30,286.457
2003-10-31,286.978
2003-10-31,286.978
2003-11-02,284.484
2003-11-02,284.484
2003-11-03,288.154
2003-11-03,288.154
2003-11-05,287.144
2003-11-05,287.144
2003-11-06,288.4
2003-11-06,288.4
2003-11-07,288.656
2003-11-07,288.656
2003-11-08,290.649
2003-11-08,290.649
2003-11-09,289.57
2003-11-09,289.57
2003-11-10,288.939
2003-11-10,288.939
2003-11-12,287.856
2003-11-12,287.856
2003-11-13,289.64
2003-11-13,289.64
2003-11-14,287.51
2003-11-14,287.51
2003-11-15,284.768
2003-11-15,284.768
2003-11-16,288.125
2003-11-16,288.125
2003-11-17,288.235
2003-11-17,288.235
2003-11-18,285.765
2003-11-18,285.765
2003-11-19,288.221
2003-11-19,288.221
2003-11-21,287.877
2003-11-21,287.877
2003-11-22,290.0
2003-11-22,290.0
2003-11-23,288.569
2003-11-23,288.569
2003-11-24,289.769
2003-11-24,289.769
2003-11-25,289.169
2003-11-25,289.169
2003-11-28,287.37
2003-11-28,287.37
2003-11-29,289.357
2003-11-29,289.357
2003-11-30,287.205
2003-11-30,287.205
2003-12-01,281.724
2003-12-01,281.724
2003-12-02,289.715
2003-12-02,289.715
2003-12-03,288.22
2003-12-03,288.22
2003-12-07,290.155
2003-12-07,290.155
2003-12-09,288.713
2003-12-09,288.713
2003-12-10,288.742
2003-12-10,288.742
2003-12-11,289.634
2003-12-11,289.634
2003-12-12,289.315
2003-12-12,289.315
2003-12-14,288.661
2003-12-14,288.661
2003-12-15,289.686
2003-12-15,289.686
2003-12-17,282.387
2003-12-17,282.387
2003-12-20,288.249
2003-12-20,288.249
2003-12-25,289.53
2003-12-25,289.53
2003-12-26,287.055
2003-12-26,287.055
2003-12-27,288.409
2003-12-27,288.409
2003-12-30,288.879
2003-12-30,288.879
2004-01-02,289.99
2004-01-02,289.99
2004-01-04,288.778
2004-01-04,288.778
2004-01-05,283.323
2004-01-05,283.323
2004-01-08,277.722
2004-01-08,277.722
2004-01-09,290.979
2004-01-09,290.979
2004-01-10,290.349
2004-01-10,290.349
2004-01-11,290.172
2004-01-11,290.172
2004-01-20,289.754
2004-01-20,289.754
2004-01-21,286.37
2004-01-21,286.37
2004-01-22,288.069
2004-01-22,288.069
2004-01-24,286.504
2004-01-24,286.504
2004-01-25,288.648
2004-01-25,288.648
2004-01-26,289.346
2004-01-26,289.346
2004-01-27,289.746
2004-01-27,289.746
2004-01-28,289.239
2004-01-28,289.239
2004-01-29,290.072
2004-01-29,290.072
2004-01-30,289.523
2004-01-30,289.523
2004-01-31,289.589
2004-01-31,289.589
2004-02-01,289.044
2004-02-01,289.044
2004-02-02,289.499
2004-02-02,289.499
2004-02-03,288.099
2004-02-03,288.099
2004-02-06,287.647
2004-02-06,287.647
2004-02-07,289.353
2004-02-07,289.353
2004-02-09,288.506
2004-02-09,288.506
2004-02-10,288.445
2004-02-10,288.445
2004-02-11,288.5
2004-02-11,288.5
2004-02-12,286.761
2004-02-12,286.761
2004-02-15,279.528
2004-02-15,279.528
2004-02-16,288.979
2004-02-16,288.979
2004-02-17,290.363
2004-02-17,290.363
2004-02-18,288.568
2004-02-18,288.568
2004-02-20,287.926
2004-02-20,287.926
2004-02-21,286.55
2004-02-21,286.55
2004-02-23,288.527
2004-02-23,288.527
2004-02-25,288.35
2004-02-25,288.35
2004-02-26,288.852
2004-02-26,288.852
2004-02-27,288.951
2004-02-27,288.951
2004-02-28,288.3
2004-02-28,288.3
2004-02-29,289.708
2004-02-29,289.708
2004-03-01,289.552
2004-03-01,289.552
2004-03-02,288.111
2004-03-02,288.111
2004-03-04,288.117
2004-03-04,288.117
2004-03-05,288.517
2004-03-05,288.517
2004-03-06,290.113
2004-03-06,290.113
2004-03-07,288.876
2004-03-07,288.876
2004-03-08,287.341
2004-03-08,287.341
2004-03-10,287.051
2004-03-10,287.051
2004-03-12,288.13
2004-03-12,288.13
2004-03-13,288.471
2004-03-13,288.471
2004-03-14,287.729
2004-03-14,287.729
2004-03-15,282.0
2004-03-15,282.0
2004-03-16,286.875
2004-03-16,286.875
2004-03-17,289.158
2004-03-17,289.158
2004-03-18,275.865
2004-03-18,275.865
2004-03-19,288.232
2004-03-19,288.232
2004-03-21,287.27
2004-03-21,287.27
2004-03-22,288.564
2004-03-22,288.564
2004-03-23,288.378
2004-03-23,288.378
2004-03-24,288.285
2004-03-24,288.285
2004-03-26,287.941
2004-03-26,287.941
2004-03-28,287.181
2004-03-28,287.181
2004-03-30,285.298
2004-03-30,285.298
2004-03-31,287.171
2004-03-31,287.171
2004-04-01,287.806
2004-04-01,287.806
2004-04-02,288.168
2004-04-02,288.168
2004-04-03,287.266
2004-04-03,287.266
2004-04-04,287.996
2004-04-04,287.996
2004-04-05,287.355
2004-04-05,287.355
2004-04-06,287.351
2004-04-06,287.351
2004-04-08,288.014
2004-04-08,288.014
2004-04-09,287.846
2004-04-09,287.846
2004-04-11,287.138
2004-04-11,287.138
2004-04-13,287.792
2004-04-13,287.792
2004-04-15,285.616
2004-04-15,285.616
2004-04-16,285.577
2004-04-16,285.577
2004-04-17,284.706
2004-04-17,284.706
2004-04-18,285.93
2004-04-18,285.93
2004-04-20,285.767
2004-04-20,285.767
2004-04-21,285.893
2004-04-21,285.893
2004-04-22,281.272
2004-04-22,281.272
2004-04-23,284.654
2004-04-23,284.654
2004-04-24,282.711
2004-04-24,282.711
2004-04-25,279.215
2004-04-25,279.215
2004-04-27,285.432
2004-04-27,285.432
2004-04-29,285.175
2004-04-29,285.175
2004-05-01,284.909
2004-05-01,284.909
2004-05-02,284.481
2004-05-02,284.481
2004-05-03,283.875
2004-05-03,283.875
2004-05-04,284.142
2004-05-04,284.142
2004-05-05,281.886
2004-05-05,281.886
2004-05-06,281.984
2004-05-06,281.984
2004-05-07,283.125
2004-05-07,283.125
2004-05-08,280.953
2004-05-08,280.953
2004-05-09,283.566
2004-05-09,283.566
2004-05-10,281.407
2004-05-10,281.407
2004-05-11,281.403
2004-05-11,281.403
2004-05-13,281.678
2004-05-13,281.678
2004-05-14,280.063
2004-05-14,280.063
2004-05-15,280.958
2004-05-15,280.958
2004-05-16,281.513
2004-05-16,281.513
2004-05-17,280.305
2004-05-17,280.305
2004-05-18,281.27
2004-05-18,281.27
2004-05-19,280.615
2004-05-19,280.615
2004-05-20,280.404
2004-05-20,280.404
2004-05-21,271.448
2004-05-21,271.448
2004-05-22,280.271
2004-05-22,280.271
2004-05-23,280.796
2004-05-23,280.796
2004-05-24,278.204
2004-05-24,278.204
2004-05-25,278.457
2004-05-25,278.457
2004-05-27,277.995
2004-05-27,277.995
2004-05-29,278.507
2004-05-29,278.507
2004-05-30,278.429
2004-05-30,278.429
2004-05-31,278.398
2004-05-31,278.398
2004-06-01,280.082
2004-06-01,280.082
2004-06-02,279.426
2004-06-02,279.426
2004-06-03,280.175
2004-06-03,280.175
2004-06-04,280.064
2004-06-04,280.064
2004-06-05,280.433
2004-06-05,280.433
2004-06-07,279.398
2004-06-07,279.398
2004-06-08,280.692
2004-06-08,280.692
2004-06-09,277.527
2004-06-09,277.527
2004-06-10,278.392
2004-06-10,278.392
2004-06-11,278.311
2004-06-11,278.311
2004-06-12,278.02
2004-06-12,278.02
2004-06-14,279.58
2004-06-14,279.58
2004-06-15,278.24
2004-06-15,278.24
2004-06-16,279.977
2004-06-16,279.977
2004-06-17,280.543
2004-06-17,280.543
2004-06-18,279.118
2004-06-18,279.118
2004-06-19,280.236
2004-06-19,280.236
2004-06-20,279.8
2004-06-20,279.8
2004-06-21,279.442
2004-06-21,279.442
2004-06-23,278.529
2004-06-23,278.529
2004-06-24,279.432
2004-06-24,279.432
2004-06-25,278.765
2004-06-25,278.765
2004-06-26,280.069
2004-06-26,280.069
2004-06-27,278.94
2004-06-27,278.94
2004-06-28,278.383
2004-06-28,278.383
2004-06-30,279.842
2004-06-30,279.842
2004-07-04,278.565
2004-07-04,278.565
2004-07-05,278.973
2004-07-05,278.973
2004-07-07,280.761
2004-07-07,280.761
2004-07-09,279.57
2004-07-09,279.57
2004-07-10,280.533
2004-07-10,280.533
2004-07-11,279.805
2004-07-11,279.805
2004-07-12,280.682
2004-07-12,280.682
2004-07-13,279.941
2004-07-13,279.941
2004-07-14,280.363
2004-07-14,280.363
2004-07-16,280.539
2004-07-16,280.539
2004-07-17,279.953
2004-07-17,279.953
2004-07-18,280.693
2004-07-18,280.693
2004-07-19,280.287
2004-07-19,280.287
2004-07-20,278.78
2004-07-20,278.78
2004-07-21,280.539
2004-07-21,280.539
2004-07-22,279.823
2004-07-22,279.823
2004-07-23,280.029
2004-07-23,280.029
2004-07-25,280.761
2004-07-25,280.761
2004-07-27,280.169
2004-07-27,280.169
2004-07-28,280.347
2004-07-28,280.347
2004-07-29,279.148
2004-07-29,279.148
2004-07-30,280.109
2004-07-30,280.109
2004-08-01,281.181
2004-08-01,281.181
2004-08-02,279.824
2004-08-02,279.824
2004-08-03,281.137
2004-08-03,281.137
2004-08-04,282.225
2004-08-04,282.225
2004-08-05,281.106
2004-08-05,281.106
2004-08-06,282.46
2004-08-06,282.46
2004-08-07,280.589
2004-08-07,280.589
2004-08-08,279.475
2004-08-08,279.475
2004-08-10,283.384
2004-08-10,283.384
2004-08-11,281.11
2004-08-11,281.11
2004-08-12,282.301
2004-08-12,282.301
2004-08-13,282.851
2004-08-13,282.851
2004-08-14,282.632
2004-08-14,282.632
2004-08-15,282.871
2004-08-15,282.871
2004-08-17,282.204
2004-08-17,282.204
2004-08-18,281.131
2004-08-18,281.131
2004-08-19,282.553
2004-08-19,282.553
2004-08-20,282.517
2004-08-20,282.517
2004-08-21,280.426
2004-08-21,280.426
2004-08-22,281.525
2004-08-22,281.525
2004-08-26,280.433
2004-08-26,280.433
2004-08-27,279.28
2004-08-27,279.28
2004-08-28,281.64
2004-08-28,281.64
2004-08-29,283.782
2004-08-29,283.782
2004-08-30,282.892
2004-08-30,282.892
2004-08-31,284.701
2004-08-31,284.701
2004-09-02,284.83
2004-09-02,284.83
2004-09-03,285.248
2004-09-03,285.248
2004-09-04,285.117
2004-09-04,285.117
2004-09-05,286.389
2004-09-05,286.389
2004-09-06,284.363
2004-09-06,284.363
2004-09-07,285.159
2004-09-07,285.159
2004-09-08,284.551
2004-09-08,284.551
2004-09-09,284.586
2004-09-09,284.586
2004-09-11,285.637
2004-09-11,285.637
2004-09-12,284.496
2004-09-12,284.496
2004-09-13,285.507
2004-09-13,285.507
2004-09-14,285.981
2004-09-14,285.981
2004-09-15,285.193
2004-09-15,285.193
2004-09-16,285.213
2004-09-16,285.213
2004-09-18,285.117
2004-09-18,285.117
2004-09-20,285.638
2004-09-20,285.638
2004-09-21,287.312
2004-09-21,287.312
2004-09-22,284.988
2004-09-22,284.988
2004-09-23,284.206
2004-09-23,284.206
2004-09-24,284.814
2004-09-24,284.814
2004-09-25,286.158
2004-09-25,286.158
2004-09-27,286.15
2004-09-27,286.15
2004-09-28,286.13
2004-09-28,286.13
2004-09-29,287.395
2004-09-29,287.395
2004-09-30,287.476
2004-09-30,287.476
2004-10-01,282.53
2004-10-01,282.53
2004-10-02,285.962
2004-10-02,285.962
2004-10-04,286.37
2004-10-04,286.37
2004-10-06,287.369
2004-10-06,287.369
2004-10-08,286.411
2004-10-08,286.411
2004-10-09,286.451
2004-10-09,286.451
2004-10-10,286.407
2004-10-10,286.407
2004-10-11,282.2
2004-10-11,282.2
2004-10-13,285.016
2004-10-13,285.016
2004-10-14,284.735
2004-10-14,284.735
2004-10-15,286.756
2004-10-15,286.756
2004-10-16,287.286
2004-10-16,287.286
2004-10-17,285.871
2004-10-17,285.871
2004-10-18,284.44
2004-10-18,284.44
2004-10-20,286.216
2004-10-20,286.216
2004-10-22,287.442
2004-10-22,287.442
2004-10-23,287.972
2004-10-23,287.972
2004-10-24,287.043
2004-10-24,287.043
2004-10-25,287.04
2004-10-25,287.04
2004-10-27,284.345
2004-10-27,284.345
2004-10-29,287.486
2004-10-29,287.486
2004-10-30,287.536
2004-10-30,287.536
2004-10-31,288.111
2004-10-31,288.111
2004-11-01,288.661
2004-11-01,288.661
2004-11-02,287.29
2004-11-02,287.29
2004-11-03,288.934
2004-11-03,288.934
2004-11-05,288.717
2004-11-05,288.717
2004-11-07,287.642
2004-11-07,287.642
2004-11-09,288.606
2004-11-09,288.606
2004-11-10,288.293
2004-11-10,288.293
2004-11-11,288.878
2004-11-11,288.878
2004-11-12,286.678
2004-11-12,286.678
2004-11-14,288.185
2004-11-14,288.185
2004-11-15,286.175
2004-11-15,286.175
2004-11-18,285.69
2004-11-18,285.69
2004-11-19,288.145
2004-11-19,288.145
2004-11-21,289.161
2004-11-21,289.161
2004-11-23,288.623
2004-11-23,288.623
2004-11-24,289.17
2004-11-24,289.17
2004-11-25,288.576
2004-11-25,288.576
2004-11-26,289.764
2004-11-26,289.764
2004-11-27,287.561
2004-11-27,287.561
2004-11-30,289.615
2004-11-30,289.615
2004-12-01,288.109
2004-12-01,288.109
2004-12-02,289.796
2004-12-02,289.796
2004-12-04,289.185
2004-12-04,289.185
2004-12-05,289.177
2004-12-05,289.177
2004-12-07,289.8
2004-12-07,289.8
2004-12-09,289.392
2004-12-09,289.392
2004-12-10,285.636
2004-12-10,285.636
2004-12-11,289.776
2004-12-11,289.776
2004-12-12,291.757
2004-12-12,291.757
2004-12-13,291.019
2004-12-13,291.019
2004-12-14,289.932
2004-12-14,289.932
2004-12-16,290.636
2004-12-16,290.636
2004-12-17,289.142
2004-12-17,289.142
2004-12-18,290.486
2004-12-18,290.486
2004-12-20,289.411
2004-12-20,289.411
2004-12-21,288.49
2004-12-21,288.49
2004-12-23,289.265
2004-12-23,289.265
2004-12-25,289.246
2004-12-25,289.246
2004-12-26,285.748
2004-12-26,285.748
2004-12-27,290.443
2004-12-27,290.443
2004-12-28,290.266
2004-12-28,290.266
2004-12-29,290.272
2004-12-29,290.272
2004-12-30,288.167
2004-12-30,288.167
2005-01-01,289.139
2005-01-01,289.139
2005-01-03,289.424
2005-01-03,289.424
2005-01-04,291.294
2005-01-04,291.294
2005-01-05,288.855
2005-01-05,288.855
2005-01-06,291.845
2005-01-06,291.845
2005-01-08,289.054
2005-01-08,289.054
2005-01-10,289.254
2005-01-10,289.254
2005-01-11,289.386
2005-01-11,289.386
2005-01-12,288.19
2005-01-12,288.19
2005-01-13,290.23
2005-01-13,290.23
2005-01-14,286.597
2005-01-14,286.597
2005-01-17,288.58
2005-01-17,288.58
2005-01-18,291.357
2005-01-18,291.357
2005-01-19,291.765
2005-01-19,291.765
2005-01-20,290.926
2005-01-20,290.926
2005-01-21,286.833
2005-01-21,286.833
2005-01-22,289.17
2005-01-22,289.17
2005-01-24,282.138
2005-01-24,282.138
2005-01-27,288.284
2005-01-27,288.284
2005-01-30,289.118
2005-01-30,289.118
2005-02-02,288.709
2005-02-02,288.709
2005-02-04,289.403
2005-02-04,289.403
2005-02-05,290.111
2005-02-05,290.111
2005-02-06,288.944
2005-02-06,288.944
2005-02-07,289.521
2005-02-07,289.521
2005-02-09,288.03
2005-02-09,288.03
2005-02-11,287.848
2005-02-11,287.848
2005-02-12,287.359
2005-02-12,287.359
2005-02-14,289.323
2005-02-14,289.323
2005-02-15,287.607
2005-02-15,287.607
2005-02-16,288.306
2005-02-16,288.306
2005-02-18,287.099
2005-02-18,287.099
2005-02-19,288.127
2005-02-19,288.127
2005-02-20,287.906
2005-02-20,287.906
2005-02-25,281.713
2005-02-25,281.713
2005-02-27,288.568
2005-02-27,288.568
2005-02-28,287.572
2005-02-28,287.572
2005-03-01,287.797
2005-03-01,287.797
2005-03-02,290.527
2005-03-02,290.527
2005-03-03,288.736
2005-03-03,288.736
2005-03-04,290.042
2005-03-04,290.042
2005-03-06,287.942
2005-03-06,287.942
2005-03-08,289.183
2005-03-08,289.183
2005-03-10,288.436
2005-03-10,288.436
2005-03-15,288.488
2005-03-15,288.488
2005-03-16,286.917
2005-03-16,286.917
2005-03-17,288.306
2005-03-17,288.306
2005-03-18,288.983
2005-03-18,288.983
2005-03-19,287.232
2005-03-19,287.232
2005-03-20,288.11
2005-03-20,288.11
2005-03-22,286.988
2005-03-22,286.988
2005-03-24,288.59
2005-03-24,288.59
2005-03-25,288.204
2005-03-25,288.204
2005-03-26,287.154
2005-03-26,287.154
2005-03-29,288.18
2005-03-29,288.18
2005-03-31,286.853
2005-03-31,286.853
2005-04-01,285.972
2005-04-01,285.972
2005-04-02,286.922
2005-04-02,286.922
2005-04-04,285.377
2005-04-04,285.377
2005-04-05,287.78
2005-04-05,287.78
2005-04-07,287.505
2005-04-07,287.505
2005-04-09,288.189
2005-04-09,288.189
2005-04-10,288.42
2005-04-10,288.42
2005-04-11,285.997
2005-04-11,285.997
2005-04-12,286.611
2005-04-12,286.611
2005-04-16,286.435
2005-04-16,286.435
2005-04-17,285.024
2005-04-17,285.024
2005-04-18,286.393
2005-04-18,286.393
2005-04-19,285.7
2005-04-19,285.7
2005-04-20,283.418
2005-04-20,283.418
2005-04-21,285.386
2005-04-21,285.386
2005-04-23,280.517
2005-04-23,280.517
2005-04-26,282.473
2005-04-26,282.473
2005-04-28,283.866
2005-04-28,283.866
2005-04-29,281.832
2005-04-29,281.832
2005-04-30,283.961
2005-04-30,283.961
2005-05-02,284.379
2005-05-02,284.379
2005-05-04,283.467
2005-05-04,283.467
2005-05-05,283.644
2005-05-05,283.644
2005-05-07,282.866
2005-05-07,282.866
2005-05-09,280.983
2005-05-09,280.983
2005-05-10,283.092
2005-05-10,283.092
2005-05-11,282.17
2005-05-11,282.17
2005-05-12,281.878
2005-05-12,281.878
2005-05-13,282.969
2005-05-13,282.969
2005-05-14,283.018
2005-05-14,283.018
2005-05-15,281.455
2005-05-15,281.455
2005-05-16,281.571
2005-05-16,281.571
2005-05-18,282.164
2005-05-18,282.164
2005-05-19,282.466
2005-05-19,282.466
2005-05-20,280.509
2005-05-20,280.509
2005-05-21,281.418
2005-05-21,281.418
2005-05-25,278.069
2005-05-25,278.069
2005-05-26,281.035
2005-05-26,281.035
2005-05-27,280.237
2005-05-27,280.237
2005-05-28,279.826
2005-05-28,279.826
2005-05-29,280.992
2005-05-29,280.992
2005-05-30,281.499
2005-05-30,281.499
2005-05-31,281.322
2005-05-31,281.322
2005-06-01,280.826
2005-06-01,280.826
2005-06-03,279.917
2005-06-03,279.917
2005-06-04,281.14
2005-06-04,281.14
2005-06-05,280.479
2005-06-05,280.479
2005-06-06,281.59
2005-06-06,281.59
2005-06-07,280.963
2005-06-07,280.963
2005-06-08,280.413
2005-06-08,280.413
2005-06-10,279.294
2005-06-10,279.294
2005-06-11,280.535
2005-06-11,280.535
2005-06-12,277.45
2005-06-12,277.45
2005-06-13,277.055
2005-06-13,277.055
2005-06-14,278.692
2005-06-14,278.692
2005-06-15,278.667
2005-06-15,278.667
2005-06-16,278.597
2005-06-16,278.597
2005-06-17,279.525
2005-06-17,279.525
2005-06-19,278.789
2005-06-19,278.789
2005-06-20,280.194
2005-06-20,280.194
2005-06-21,277.274
2005-06-21,277.274
2005-06-22,279.825
2005-06-22,279.825
2005-06-23,279.392
2005-06-23,279.392
2005-06-24,279.373
2005-06-24,279.373
2005-06-26,277.885
2005-06-26,277.885
2005-06-27,279.047
2005-06-27,279.047
2005-06-28,278.068
2005-06-28,278.068
2005-06-29,277.358
2005-06-29,277.358
2005-06-30,279.04
2005-06-30,279.04
2005-07-01,280.154
2005-07-01,280.154
2005-07-02,276.5
2005-07-02,276.5
2005-07-03,280.323
2005-07-03,280.323
2005-07-05,279.63
2005-07-05,279.63
2005-07-06,279.193
2005-07-06,279.193
2005-07-07,279.89
2005-07-07,279.89
2005-07-08,280.644
2005-07-08,280.644
2005-07-09,280.252
2005-07-09,280.252
2005-07-10,279.669
2005-07-10,279.669
2005-07-12,279.778
2005-07-12,279.778
2005-07-13,279.969
2005-07-13,279.969
2005-07-14,279.566
2005-07-14,279.566
2005-07-15,279.093
2005-07-15,279.093
2005-07-16,278.114
2005-07-16,278.114
2005-07-17,277.802
2005-07-17,277.802
2005-07-18,276.092
2005-07-18,276.092
2005-07-19,277.892
2005-07-19,277.892
2005-07-21,277.624
2005-07-21,277.624
2005-07-22,279.798
2005-07-22,279.798
2005-07-23,278.855
2005-07-23,278.855
2005-07-24,278.128
2005-07-24,278.128
2005-07-26,279.356
2005-07-26,279.356
2005-07-28,280.093
2005-07-28,280.093
2005-07-29,281.475
2005-07-29,281.475
2005-07-30,280.951
2005-07-30,280.951
2005-08-01,281.305
2005-08-01,281.305
2005-08-02,281.707
2005-08-02,281.707
2005-08-03,281.16
2005-08-03,281.16
2005-08-04,281.471
2005-08-04,281.471
2005-08-06,281.085
2005-08-06,281.085
2005-08-07,280.863
2005-08-07,280.863
2005-08-08,281.454
2005-08-08,281.454
2005-08-09,280.17
2005-08-09,280.17
2005-08-10,281.395
2005-08-10,281.395
2005-08-11,282.006
2005-08-11,282.006
2005-08-12,280.728
2005-08-12,280.728
2005-08-13,281.493
2005-08-13,281.493
2005-08-15,281.396
2005-08-15,281.396
2005-08-16,282.506
2005-08-16,282.506
2005-08-17,281.456
2005-08-17,281.456
2005-08-18,282.357
2005-08-18,282.357
2005-08-19,280.644
2005-08-19,280.644
2005-08-20,282.601
2005-08-20,282.601
2005-08-22,282.074
2005-08-22,282.074
2005-08-23,282.132
2005-08-23,282.132
2005-08-24,281.267
2005-08-24,281.267
2005-08-25,281.483
2005-08-25,281.483
2005-08-26,282.138
2005-08-26,282.138
2005-08-27,282.868
2005-08-27,282.868
2005-08-28,281.516
2005-08-28,281.516
2005-08-29,282.344
2005-08-29,282.344
2005-08-30,283.022
2005-08-30,283.022
2005-08-31,281.043
2005-08-31,281.043
2005-09-01,281.555
2005-09-01,281.555
2005-09-02,281.39
2005-09-02,281.39
2005-09-03,282.721
2005-09-03,282.721
2005-09-05,282.184
2005-09-05,282.184
2005-09-07,283.011
2005-09-07,283.011
2005-09-08,284.909
2005-09-08,284.909
2005-09-09,283.29
2005-09-09,283.29
2005-09-10,283.031
2005-09-10,283.031
2005-09-11,281.956
2005-09-11,281.956
2005-09-12,284.599
2005-09-12,284.599
2005-09-16,278.885
2005-09-16,278.885
2005-09-17,283.456
2005-09-17,283.456
2005-09-18,282.943
2005-09-18,282.943
2005-09-19,284.191
2005-09-19,284.191
2005-09-21,285.891
2005-09-21,285.891
2005-09-23,283.789
2005-09-23,283.789
2005-09-25,284.094
2005-09-25,284.094
2005-09-26,277.336
2005-09-26,277.336
2005-09-28,284.858
2005-09-28,284.858
2005-09-29,283.907
2005-09-29,283.907
2005-09-30,284.038
2005-09-30,284.038
2005-10-01,286.145
2005-10-01,286.145
2005-10-02,283.952
2005-10-02,283.952
2005-10-03,285.216
2005-10-03,285.216
2005-10-04,285.734
2005-10-04,285.734
2005-10-05,286.74
2005-10-05,286.74
2005-10-07,284.71
2005-10-07,284.71
2005-10-09,284.692
2005-10-09,284.692
2005-10-11,285.672
2005-10-11,285.672
2005-10-12,286.465
2005-10-12,286.465
2005-10-13,287.69
2005-10-13,287.69
2005-10-14,286.204
2005-10-14,286.204
2005-10-15,286.607
2005-10-15,286.607
2005-10-16,287.294
2005-10-16,287.294
2005-10-17,288.57
2005-10-17,288.57
2005-10-18,286.391
2005-10-18,286.391
2005-10-19,286.541
2005-10-19,286.541
2005-10-20,285.696
2005-10-20,285.696
2005-10-21,285.277
2005-10-21,285.277
2005-10-23,287.781
2005-10-23,287.781
2005-10-25,286.112
2005-10-25,286.112
2005-10-26,288.353
2005-10-26,288.353
2005-10-27,286.558
2005-10-27,286.558
2005-10-28,280.595
2005-10-28,280.595
2005-10-29,286.851
2005-10-29,286.851
2005-10-30,287.299
2005-10-30,287.299
2005-10-31,284.61
2005-10-31,284.61
2005-11-01,286.335
2005-11-01,286.335
2005-11-02,288.271
2005-11-02,288.271
2005-11-03,286.595
2005-11-03,286.595
2005-11-04,289.242
2005-11-04,289.242
2005-11-05,288.475
2005-11-05,288.475
2005-11-06,287.822
2005-11-06,287.822
2005-11-10,287.051
2005-11-10,287.051
2005-11-11,287.635
2005-11-11,287.635
2005-11-12,287.475
2005-11-12,287.475
2005-11-13,288.613
2005-11-13,288.613
2005-11-14,288.903
2005-11-14,288.903
2005-11-16,286.997
2005-11-16,286.997
2005-11-17,287.593
2005-11-17,287.593
2005-11-19,287.392
2005-11-19,287.392
2005-11-21,288.555
2005-11-21,288.555
2005-11-22,287.173
2005-11-22,287.173
2005-11-24,287.691
2005-11-24,287.691
2005-11-26,288.504
2005-11-26,288.504
2005-11-27,290.296
2005-11-27,290.296
2005-11-28,288.671
2005-11-28,288.671
2005-11-29,289.855
2005-11-29,289.855
2005-11-30,288.827
2005-11-30,288.827
2005-12-02,287.802
2005-12-02,287.802
2005-12-03,288.408
2005-12-03,288.408
2005-12-04,289.129
2005-12-04,289.129
2005-12-05,288.666
2005-12-05,288.666
2005-12-08,285.697
2005-12-08,285.697
2005-12-10,290.145
2005-12-10,290.145
2005-12-11,288.803
2005-12-11,288.803
2005-12-14,289.958
2005-12-14,289.958
2005-12-16,289.739
2005-12-16,289.739
2005-12-17,289.657
2005-12-17,289.657
2005-12-19,288.886
2005-12-19,288.886
2005-12-21,286.306
2005-12-21,286.306
2005-12-24,278.514
2005-12-24,278.514
2005-12-26,290.269
2005-12-26,290.269
2005-12-27,288.638
2005-12-27,288.638
2005-12-28,288.581
2005-12-28,288.581
2005-12-29,290.254
2005-12-29,290.254
2005-12-30,288.63
2005-12-30,288.63
2005-12-31,289.43
2005-12-31,289.43
2006-01-01,291.545
2006-01-01,291.545
2006-01-04,289.765
2006-01-04,289.765
2006-01-06,289.405
2006-01-06,289.405
2006-01-07,291.819
2006-01-07,291.819
2006-01-08,290.213
2006-01-08,290.213
2006-01-09,284.047
2006-01-09,284.047
2006-01-12,287.049
2006-01-12,287.049
2006-01-13,289.832
2006-01-13,289.832
2006-01-15,284.61
2006-01-15,284.61
2006-01-16,290.64
2006-01-16,290.64
2006-01-20,289.173
2006-01-20,289.173
2006-01-22,288.019
2006-01-22,288.019
2006-01-23,289.484
2006-01-23,289.484
2006-01-27,290.353
2006-01-27,290.353
2006-01-28,286.403
2006-01-28,286.403
2006-01-29,287.23
2006-01-29,287.23
2006-01-31,289.356
2006-01-31,289.356
2006-02-01,289.901
2006-02-01,289.901
2006-02-02,288.094
2006-02-02,288.094
2006-02-03,288.973
2006-02-03,288.973
2006-02-05,288.537
2006-02-05,288.537
2006-02-07,286.92
2006-02-07,286.92
2006-02-10,288.61
2006-02-10,288.61
2006-02-12,288.474
2006-02-12,288.474
2006-02-13,286.815
2006-02-13,286.815
2006-02-14,286.912
2006-02-14,286.912
2006-02-15,288.477
2006-02-15,288.477
2006-02-16,287.48
2006-02-16,287.48
2006-02-17,289.651
2006-02-17,289.651
2006-02-18,289.505
2006-02-18,289.505
2006-02-19,288.891
2006-02-19,288.891
2006-02-21,289.092
2006-02-21,289.092
2006-02-23,289.244
2006-02-23,289.244
2006-02-26,289.267
2006-02-26,289.267
2006-02-28,289.225
2006-02-28,289.225
2006-03-01,288.744
2006-03-01,288.744
2006-03-02,288.76
2006-03-02,288.76
2006-03-04,285.832
2006-03-04,285.832
2006-03-05,288.658
2006-03-05,288.658
2006-03-07,288.764
2006-03-07,288.764
2006-03-09,288.903
2006-03-09,288.903
2006-03-10,286.559
2006-03-10,286.559
2006-03-11,288.127
2006-03-11,288.127
2006-03-12,289.566
2006-03-12,289.566
2006-03-13,287.859
2006-03-13,287.859
2006-03-14,289.257
2006-03-14,289.257
2006-03-16,288.273
2006-03-16,288.273
2006-03-17,283.108
2006-03-17,283.108
2006-03-19,288.71
2006-03-19,288.71
2006-03-20,287.592
2006-03-20,287.592
2006-03-21,288.071
2006-03-21,288.071
2006-03-23,285.824
2006-03-23,285.824
2006-03-25,287.384
2006-03-25,287.384
2006-03-26,285.779
2006-03-26,285.779
2006-03-27,287.555
2006-03-27,287.555
2006-03-28,287.781
2006-03-28,287.781
2006-03-29,286.391
2006-03-29,286.391
2006-03-30,287.561
2006-03-30,287.561
2006-04-01,287.136
2006-04-01,287.136
2006-04-03,287.232
2006-04-03,287.232
2006-04-04,287.29
2006-04-04,287.29
2006-04-05,285.37
2006-04-05,285.37
2006-04-06,286.655
2006-04-06,286.655
2006-04-07,287.016
2006-04-07,287.016
2006-04-08,288.146
2006-04-08,288.146
2006-04-10,285.35
2006-04-10,285.35
2006-04-11,285.847
2006-04-11,285.847
2006-04-12,284.742
2006-04-12,284.742
2006-04-13,286.798
2006-04-13,286.798
2006-04-14,283.581
2006-04-14,283.581
2006-04-15,285.159
2006-04-15,285.159
2006-04-17,287.37
2006-04-17,287.37
2006-04-19,285.359
2006-04-19,285.359
2006-04-20,286.135
2006-04-20,286.135
2006-04-21,285.438
2006-04-21,285.438
2006-04-22,286.868
2006-04-22,286.868
2006-04-23,286.135
2006-04-23,286.135
2006-04-24,283.354
2006-04-24,283.354
2006-04-26,285.488
2006-04-26,285.488
2006-04-27,285.13
2006-04-27,285.13
2006-04-28,285.083
2006-04-28,285.083
2006-04-29,284.298
2006-04-29,284.298
2006-04-30,282.64
2006-04-30,282.64
2006-05-01,284.945
2006-05-01,284.945
2006-05-03,284.782
2006-05-03,284.782
2006-05-05,284.156
2006-05-05,284.156
2006-05-06,284.148
2006-05-06,284.148
2006-05-07,282.744
2006-05-07,282.744
2006-05-08,282.859
2006-05-08,282.859
2006-05-09,282.417
2006-05-09,282.417
2006-05-10,281.576
2006-05-10,281.576
2006-05-12,282.151
2006-05-12,282.151
2006-05-13,281.413
2006-05-13,281.413
2006-05-14,282.782
2006-05-14,282.782
2006-05-15,283.399
2006-05-15,283.399
2006-05-16,282.137
2006-05-16,282.137
2006-05-17,282.65
2006-05-17,282.65
2006-05-19,281.447
2006-05-19,281.447
2006-05-21,281.306
2006-05-21,281.306
2006-05-22,281.922
2006-05-22,281.922
2006-05-23,280.753
2006-05-23,280.753
2006-05-24,281.309
2006-05-24,281.309
2006-05-25,281.377
2006-05-25,281.377
2006-05-26,280.654
2006-05-26,280.654
2006-05-28,281.379
2006-05-28,281.379
2006-05-29,280.659
2006-05-29,280.659
2006-05-30,279.49
2006-05-30,279.49
2006-05-31,280.858
2006-05-31,280.858
2006-06-01,281.106
2006-06-01,281.106
2006-06-04,279.721
2006-06-04,279.721
2006-06-06,279.881
2006-06-06,279.881
2006-06-07,280.502
2006-06-07,280.502
2006-06-08,280.206
2006-06-08,280.206
2006-06-09,279.121
2006-06-09,279.121
2006-06-10,277.47
2006-06-10,277.47
2006-06-11,278.579
2006-06-11,278.579
2006-06-13,280.004
2006-06-13,280.004
2006-06-14,278.611
2006-06-14,278.611
2006-06-15,279.436
2006-06-15,279.436
2006-06-16,280.273
2006-06-16,280.273
2006-06-17,279.032
2006-06-17,279.032
2006-06-18,280.211
2006-06-18,280.211
2006-06-20,278.893
2006-06-20,278.893
2006-06-22,279.82
2006-06-22,279.82
2006-06-23,279.189
2006-06-23,279.189
2006-06-24,279.333
2006-06-24,279.333
2006-06-25,280.155
2006-06-25,280.155
2006-06-26,279.644
2006-06-26,279.644
2006-06-27,280.273
2006-06-27,280.273
2006-06-29,279.947
2006-06-29,279.947
2006-06-30,278.524
2006-06-30,278.524
2006-07-01,279.765
2006-07-01,279.765
2006-07-02,280.306
2006-07-02,280.306
2006-07-03,279.009
2006-07-03,279.009
2006-07-04,280.06
2006-07-04,280.06
2006-07-06,279.044
2006-07-06,279.044
2006-07-08,279.738
2006-07-08,279.738
2006-07-09,278.887
2006-07-09,278.887
2006-07-10,279.651
2006-07-10,279.651
2006-07-11,279.996
2006-07-11,279.996
2006-07-12,279.554
2006-07-12,279.554
2006-07-13,279.617
2006-07-13,279.617
2006-07-15,280.629
2006-07-15,280.629
2006-07-17,280.125
2006-07-17,280.125
2006-07-18,280.97
2006-07-18,280.97
2006-07-19,280.219
2006-07-19,280.219
2006-07-20,280.656
2006-07-20,280.656
2006-07-22,280.015
2006-07-22,280.015
2006-07-24,278.837
2006-07-24,278.837
2006-07-25,276.171
2006-07-25,276.171
2006-07-26,277.78
2006-07-26,277.78
2006-07-27,280.211
2006-07-27,280.211
2006-07-28,279.826
2006-07-28,279.826
2006-07-29,280.292
2006-07-29,280.292
2006-07-31,280.591
2006-07-31,280.591
2006-08-01,281.278
2006-08-01,281.278
2006-08-02,280.942
2006-08-02,280.942
2006-08-03,281.749
2006-08-03,281.749
2006-08-04,281.441
2006-08-04,281.441
2006-08-05,282.304
2006-08-05,282.304
2006-08-07,281.976
2006-08-07,281.976
2006-08-09,281.261
2006-08-09,281.261
2006-08-10,280.267
2006-08-10,280.267
2006-08-11,281.664
2006-08-11,281.664
2006-08-12,281.871
2006-08-12,281.871
2006-08-13,281.104
2006-08-13,281.104
2006-08-16,281.034
2006-08-16,281.034
2006-08-17,282.828
2006-08-17,282.828
2006-08-18,282.039
2006-08-18,282.039
2006-08-19,282.668
2006-08-19,282.668
2006-08-20,282.115
2006-08-20,282.115
2006-08-21,282.789
2006-08-21,282.789
2006-08-23,281.223
2006-08-23,281.223
2006-08-25,282.94
2006-08-25,282.94
2006-08-26,279.072
2006-08-26,279.072
2006-08-27,282.136
2006-08-27,282.136
2006-08-28,283.013
2006-08-28,283.013
2006-08-29,281.926
2006-08-29,281.926
2006-08-30,283.611
2006-08-30,283.611
2006-09-01,282.311
2006-09-01,282.311
2006-09-02,283.694
2006-09-02,283.694
2006-09-03,282.758
2006-09-03,282.758
2006-09-04,282.762
2006-09-04,282.762
2006-09-05,282.314
2006-09-05,282.314
2006-09-06,283.739
2006-09-06,283.739
2006-09-08,282.853
2006-09-08,282.853
2006-09-10,283.506
2006-09-10,283.506
2006-09-11,282.927
2006-09-11,282.927
2006-09-12,284.714
2006-09-12,284.714
2006-09-13,285.282
2006-09-13,285.282
2006-09-14,283.64
2006-09-14,283.64
2006-09-15,283.846
2006-09-15,283.846
2006-09-17,284.349
2006-09-17,284.349
2006-09-18,285.254
2006-09-18,285.254
2006-09-19,284.228
2006-09-19,284.228
2006-09-20,284.025
2006-09-20,284.025
2006-09-21,284.912
2006-09-21,284.912
2006-09-22,285.217
2006-09-22,285.217
2006-09-26,285.356
2006-09-26,285.356
2006-09-27,280.302
2006-09-27,280.302
2006-09-28,285.735
2006-09-28,285.735
2006-09-29,283.007
2006-09-29,283.007
2006-09-30,284.412
2006-09-30,284.412
2006-10-01,286.182
2006-10-01,286.182
2006-10-03,286.405
2006-10-03,286.405
2006-10-04,287.409
2006-10-04,287.409
2006-10-05,285.97
2006-10-05,285.97
2006-10-06,285.865
2006-10-06,285.865
2006-10-07,286.601
2006-10-07,286.601
2006-10-08,288.523
2006-10-08,288.523
2006-10-10,287.507
2006-10-10,287.507
2006-10-12,287.134
2006-10-12,287.134
2006-10-13,285.684
2006-10-13,285.684
2006-10-14,286.414
2006-10-14,286.414
2006-10-15,287.088
2006-10-15,287.088
2006-10-16,279.205
2006-10-16,279.205
2006-10-19,284.517
2006-10-19,284.517
2006-10-20,286.905
2006-10-20,286.905
2006-10-22,282.673
2006-10-22,282.673
2006-10-23,287.077
2006-10-23,287.077
2006-10-24,288.331
2006-10-24,288.331
2006-10-26,286.758
2006-10-26,286.758
2006-10-28,288.29
2006-10-28,288.29
2006-10-31,288.413
2006-10-31,288.413
2006-11-01,285.923
2006-11-01,285.923
2006-11-04,287.969
2006-11-04,287.969
2006-11-05,289.058
2006-11-05,289.058
2006-11-06,288.086
2006-11-06,288.086
2006-11-07,280.695
2006-11-07,280.695
2006-11-08,287.053
2006-11-08,287.053
2006-11-09,288.737
2006-11-09,288.737
2006-11-10,287.134
2006-11-10,287.134
2006-11-11,288.268
2006-11-11,288.268
2006-11-13,289.459
2006-11-13,289.459
2006-11-15,289.783
2006-11-15,289.783
2006-11-16,289.903
2006-11-16,289.903
2006-11-17,281.408
2006-11-17,281.408
2006-11-20,280.058
2006-11-20,280.058
2006-11-22,288.879
2006-11-22,288.879
2006-11-23,286.099
2006-11-23,286.099
2006-11-24,287.595
2006-11-24,287.595
2006-11-26,289.656
2006-11-26,289.656
2006-11-29,288.485
2006-11-29,288.485
2006-12-01,289.02
2006-12-01,289.02
2006-12-02,288.054
2006-12-02,288.054
2006-12-03,289.18
2006-12-03,289.18
2006-12-04,288.316
2006-12-04,288.316
2006-12-06,288.756
2006-12-06,288.756
2006-12-07,289.744
2006-12-07,289.744
2006-12-08,287.137
2006-12-08,287.137
2006-12-09,287.884
2006-12-09,287.884
2006-12-11,290.214
2006-12-11,290.214
2006-12-12,287.644
2006-12-12,287.644
2006-12-13,289.006
2006-12-13,289.006
2006-12-16,290.054
2006-12-16,290.054
2006-12-17,290.087
2006-12-17,290.087
2006-12-20,289.841
2006-12-20,289.841
2006-12-22,288.613
2006-12-22,288.613
2006-12-24,289.332
2006-12-24,289.332
2006-12-25,279.203
2006-12-25,279.203
2006-12-26,288.839
2006-12-26,288.839
2006-12-27,292.251
2006-12-27,292.251
2006-12-28,289.673
2006-12-28,289.673
2006-12-29,291.909
2006-12-29,291.909
2006-12-31,289.593
2006-12-31,289.593
2007-01-01,289.988
2007-01-01,289.988
2007-01-02,289.63
2007-01-02,289.63
2007-01-03,291.24
2007-01-03,291.24
2007-01-04,289.443
2007-01-04,289.443
2007-01-05,288.985
2007-01-05,288.985
2007-01-09,289.74
2007-01-09,289.74
2007-01-13,281.484
2007-01-13,281.484
2007-01-14,289.121
2007-01-14,289.121
2007-01-16,288.346
2007-01-16,288.346
2007-01-17,291.055
2007-01-17,291.055
2007-01-18,288.659
2007-01-18,288.659
2007-01-19,286.378
2007-01-19,286.378
2007-01-20,288.39
2007-01-20,288.39
2007-01-21,289.134
2007-01-21,289.134
2007-01-23,289.688
2007-01-23,289.688
2007-01-24,290.47
2007-01-24,290.47
2007-01-25,288.337
2007-01-25,288.337
2007-01-26,288.885
2007-01-26,288.885
2007-01-27,289.736
2007-01-27,289.736
2007-01-28,290.498
2007-01-28,290.498
2007-01-29,286.041
2007-01-29,286.041
2007-01-30,288.329
2007-01-30,288.329
2007-02-01,282.886
2007-02-01,282.886
2007-02-02,289.599
2007-02-02,289.599
2007-02-03,290.086
2007-02-03,290.086
2007-02-04,288.595
2007-02-04,288.595
2007-02-05,289.491
2007-02-05,289.491
2007-02-06,289.092
2007-02-06,289.092
2007-02-08,288.653
2007-02-08,288.653
2007-02-09,288.08
2007-02-09,288.08
2007-02-11,288.282
2007-02-11,288.282
2007-02-12,287.918
2007-02-12,287.918
2007-02-14,285.818
2007-02-14,285.818
2007-02-17,283.198
2007-02-17,283.198
2007-02-18,288.513
2007-02-18,288.513
2007-02-19,286.775
2007-02-19,286.775
2007-02-20,285.778
2007-02-20,285.778
2007-02-21,288.646
2007-02-21,288.646
2007-02-22,289.056
2007-02-22,289.056
2007-02-23,289.173
2007-02-23,289.173
2007-02-24,288.594
2007-02-24,288.594
2007-02-26,288.836
2007-02-26,288.836
2007-02-27,289.468
2007-02-27,289.468
2007-03-01,286.303
2007-03-01,286.303
2007-03-02,283.857
2007-03-02,283.857
2007-03-03,282.214
2007-03-03,282.214
2007-03-04,286.926
2007-03-04,286.926
2007-03-05,285.0
2007-03-05,285.0
2007-03-06,288.991
2007-03-06,288.991
2007-03-07,288.315
2007-03-07,288.315
2007-03-08,288.533
2007-03-08,288.533
2007-03-09,287.313
2007-03-09,287.313
2007-03-10,286.599
2007-03-10,286.599
2007-03-11,277.35
2007-03-11,277.35
2007-03-12,288.482
2007-03-12,288.482
2007-03-13,286.071
2007-03-13,286.071
2007-03-14,286.99
2007-03-14,286.99
2007-03-15,284.694
2007-03-15,284.694
2007-03-16,288.963
2007-03-16,288.963
2007-03-17,285.385
2007-03-17,285.385
2007-03-18,280.409
2007-03-18,280.409
2007-03-19,286.504
2007-03-19,286.504
2007-03-20,286.516
2007-03-20,286.516
2007-03-21,288.165
2007-03-21,288.165
2007-03-22,289.174
2007-03-22,289.174
2007-03-23,288.311
2007-03-23,288.311
2007-03-24,287.299
2007-03-24,287.299
2007-03-25,287.005
2007-03-25,287.005
2007-03-26,289.412
2007-03-26,289.412
2007-03-27,288.748
2007-03-27,288.748
2007-03-28,287.975
2007-03-28,287.975
2007-03-29,285.652
2007-03-29,285.652
2007-03-30,287.094
2007-03-30,287.094
2007-03-31,286.456
2007-03-31,286.456
2007-04-01,283.222
2007-04-01,283.222
2007-04-02,284.451
2007-04-02,284.451
2007-04-03,284.938
2007-04-03,284.938
2007-04-04,286.321
2007-04-04,286.321
2007-04-05,285.118
2007-04-05,285.118
2007-04-06,286.688
2007-04-06,286.688
2007-04-07,286.249
2007-04-07,286.249
2007-04-08,286.359
2007-04-08,286.359
2007-04-09,284.675
2007-04-09,284.675
2007-04-10,284.835
2007-04-10,284.835
2007-04-11,286.258
2007-04-11,286.258
2007-04-12,286.319
2007-04-12,286.319
2007-04-13,277.407
2007-04-13,277.407
2007-04-14,286.861
2007-04-14,286.861
2007-04-15,287.329
2007-04-15,287.329
2007-04-16,287.34
2007-04-16,287.34
2007-04-17,287.072
2007-04-17,287.072
2007-04-18,285.536
2007-04-18,285.536
2007-04-19,287.334
2007-04-19,287.334
2007-04-20,286.287
2007-04-20,286.287
2007-04-22,284.75
2007-04-22,284.75
2007-04-24,285.806
2007-04-24,285.806
2007-04-25,278.391
2007-04-25,278.391
2007-04-26,284.426
2007-04-26,284.426
2007-04-27,283.296
2007-04-27,283.296
2007-04-28,283.949
2007-04-28,283.949
2007-04-29,285.359
2007-04-29,285.359
2007-04-30,284.27
2007-04-30,284.27
2007-05-01,282.925
2007-05-01,282.925
2007-05-02,281.484
2007-05-02,281.484
2007-05-03,286.303
2007-05-03,286.303
2007-05-04,286.049
2007-05-04,286.049
2007-05-05,285.639
2007-05-05,285.639
2007-05-06,280.252
2007-05-06,280.252
2007-05-08,282.833
2007-05-08,282.833
2007-05-10,274.744
2007-05-10,274.744
2007-05-11,281.042
2007-05-11,281.042
2007-05-12,281.185
2007-05-12,281.185
2007-05-13,283.548
2007-05-13,283.548
2007-05-14,273.056
2007-05-14,273.056
2007-05-15,281.134
2007-05-15,281.134
2007-05-16,279.716
2007-05-16,279.716
2007-05-17,279.958
2007-05-17,279.958
2007-05-18,282.902
2007-05-18,282.902
2007-05-19,281.788
2007-05-19,281.788
2007-05-20,280.269
2007-05-20,280.269
2007-05-21,276.108
2007-05-21,276.108
2007-05-24,271.274
2007-05-24,271.274
2007-05-25,278.852
2007-05-25,278.852
2007-05-26,279.35
2007-05-26,279.35
2007-05-27,275.697
2007-05-27,275.697
2007-05-28,274.937
2007-05-28,274.937
2007-05-29,278.338
2007-05-29,278.338
2007-05-30,276.967
2007-05-30,276.967
2007-05-31,275.15
2007-05-31,275.15
2007-06-01,272.678
2007-06-01,272.678
2007-06-02,277.642
2007-06-02,277.642
2007-06-03,277.776
2007-06-03,277.776
2007-06-04,273.459
2007-06-04,273.459
2007-06-05,279.539
2007-06-05,279.539
2007-06-06,282.176
2007-06-06,282.176
2007-06-07,282.025
2007-06-07,282.025
2007-06-08,280.986
2007-06-08,280.986
2007-06-09,280.97
2007-06-09,280.97
2007-06-10,280.709
2007-06-10,280.709
2007-06-11,282.589
2007-06-11,282.589
2007-06-12,281.223
2007-06-12,281.223
2007-06-13,277.526
2007-06-13,277.526
2007-06-14,279.226
2007-06-14,279.226
2007-06-15,277.14
2007-06-15,277.14
2007-06-16,281.722
2007-06-16,281.722
2007-06-17,280.873
2007-06-17,280.873
2007-06-18,280.0
2007-06-18,280.0
2007-06-19,280.018
2007-06-19,280.018
2007-06-20,277.915
2007-06-20,277.915
2007-06-21,281.887
2007-06-21,281.887
2007-06-22,281.808
2007-06-22,281.808
2007-06-23,275.183
2007-06-23,275.183
2007-06-24,279.683
2007-06-24,279.683
2007-06-25,281.755
2007-06-25,281.755
2007-06-27,278.939
2007-06-27,278.939
2007-06-28,278.968
2007-06-28,278.968
2007-06-29,278.376
2007-06-29,278.376
2007-06-30,279.985
2007-06-30,279.985
2007-07-01,279.907
2007-07-01,279.907
2007-07-02,279.416
2007-07-02,279.416
2007-07-03,278.831
2007-07-03,278.831
2007-07-04,279.034
2007-07-04,279.034
2007-07-05,279.183
2007-07-05,279.183
2007-07-06,277.373
2007-07-06,277.373
2007-07-07,276.756
2007-07-07,276.756
2007-07-08,276.022
2007-07-08,276.022
2007-07-11,275.818
2007-07-11,275.818
2007-07-12,273.804
2007-07-12,273.804
2007-07-13,275.725
2007-07-13,275.725
2007-07-14,277.399
2007-07-14,277.399
2007-07-15,277.561
2007-07-15,277.561
2007-07-16,275.928
2007-07-16,275.928
2007-07-17,276.743
2007-07-17,276.743
2007-07-18,273.904
2007-07-18,273.904
2007-07-19,277.386
2007-07-19,277.386
2007-07-20,276.672
2007-07-20,276.672
2007-07-21,279.846
2007-07-21,279.846
2007-07-22,279.226
2007-07-22,279.226
2007-07-23,278.016
2007-07-23,278.016
2007-07-24,277.334
2007-07-24,277.334
2007-07-25,278.373
2007-07-25,278.373
2007-07-26,277.904
2007-07-26,277.904
2007-07-27,277.657
2007-07-27,277.657
2007-07-28,277.5
2007-07-28,277.5
2007-07-29,280.231
2007-07-29,280.231
2007-07-30,278.623
2007-07-30,278.623
2007-07-31,276.07
2007-07-31,276.07
2007-08-01,280.362
2007-08-01,280.362
2007-08-03,282.15
2007-08-03,282.15
2007-08-04,281.627
2007-08-04,281.627
2007-08-05,280.573
2007-08-05,280.573
2007-08-06,278.43
2007-08-06,278.43
2007-08-07,278.583
2007-08-07,278.583
2007-08-08,276.059
2007-08-08,276.059
2007-08-10,279.287
2007-08-10,279.287
2007-08-11,281.247
2007-08-11,281.247
2007-08-12,279.347
2007-08-12,279.347
2007-08-13,284.283
2007-08-13,284.283
2007-08-14,283.483
2007-08-14,283.483
2007-08-15,282.604
2007-08-15,282.604
2007-08-16,282.244
2007-08-16,282.244
2007-08-17,281.812
2007-08-17,281.812
2007-08-18,283.472
2007-08-18,283.472
2007-08-19,281.815
2007-08-19,281.815
2007-08-20,281.406
2007-08-20,281.406
2007-08-21,281.538
2007-08-21,281.538
2007-08-22,282.386
2007-08-22,282.386
2007-08-23,284.105
2007-08-23,284.105
2007-08-24,282.37
2007-08-24,282.37
2007-08-25,280.613
2007-08-25,280.613
2007-08-26,280.714
2007-08-26,280.714
2007-08-27,281.166
2007-08-27,281.166
2007-08-28,280.313
2007-08-28,280.313
2007-08-29,281.277
2007-08-29,281.277
2007-08-30,281.415
2007-08-30,281.415
2007-08-31,281.472
2007-08-31,281.472
2007-09-01,284.226
2007-09-01,284.226
2007-09-02,284.906
2007-09-02,284.906
2007-09-03,284.463
2007-09-03,284.463
2007-09-04,283.134
2007-09-04,283.134
2007-09-05,281.14
2007-09-05,281.14
2007-09-06,285.833
2007-09-06,285.833
2007-09-07,285.864
2007-09-07,285.864
2007-09-08,285.302
2007-09-08,285.302
2007-09-09,283.864
2007-09-09,283.864
2007-09-10,283.024
2007-09-10,283.024
2007-09-11,285.726
2007-09-11,285.726
2007-09-12,284.666
2007-09-12,284.666
2007-09-13,284.753
2007-09-13,284.753
2007-09-14,284.532
2007-09-14,284.532
2007-09-15,285.773
2007-09-15,285.773
2007-09-16,288.054
2007-09-16,288.054
2007-09-17,282.69
2007-09-17,282.69
2007-09-18,283.791
2007-09-18,283.791
2007-09-21,278.235
2007-09-21,278.235
2007-09-22,284.515
2007-09-22,284.515
2007-09-23,282.088
2007-09-23,282.088
2007-09-24,280.156
2007-09-24,280.156
2007-09-25,284.645
2007-09-25,284.645
2007-09-26,285.397
2007-09-26,285.397
2007-09-27,284.699
2007-09-27,284.699
2007-09-28,285.872
2007-09-28,285.872
2007-09-29,284.533
2007-09-29,284.533
2007-09-30,287.619
2007-09-30,287.619
2007-10-01,283.65
2007-10-01,283.65
2007-10-02,287.758
2007-10-02,287.758
2007-10-03,286.92
2007-10-03,286.92
2007-10-04,285.352
2007-10-04,285.352
2007-10-05,284.216
2007-10-05,284.216
2007-10-06,286.888
2007-10-06,286.888
2007-10-07,279.474
2007-10-07,279.474
2007-10-08,280.274
2007-10-08,280.274
2007-10-09,285.142
2007-10-09,285.142
2007-10-10,290.687
2007-10-10,290.687
2007-10-11,287.862
2007-10-11,287.862
2007-10-12,279.477
2007-10-12,279.477
2007-10-13,271.795
2007-10-13,271.795
2007-10-15,280.341
2007-10-15,280.341
2007-10-16,282.085
2007-10-16,282.085
2007-10-17,280.525
2007-10-17,280.525
2007-10-18,279.834
2007-10-18,279.834
2007-10-19,285.764
2007-10-19,285.764
2007-10-20,289.524
2007-10-20,289.524
2007-10-21,289.813
2007-10-21,289.813
2007-10-22,288.601
2007-10-22,288.601
2007-10-23,287.798
2007-10-23,287.798
2007-10-24,284.715
2007-10-24,284.715
2007-10-25,291.23
2007-10-25,291.23
2007-10-26,289.993
2007-10-26,289.993
2007-10-27,289.543
2007-10-27,289.543
2007-10-28,287.737
2007-10-28,287.737
2007-10-29,288.819
2007-10-29,288.819
2007-10-30,289.662
2007-10-30,289.662
2007-10-31,288.736
2007-10-31,288.736
2007-11-01,286.57
2007-11-01,286.57
2007-11-02,285.776
2007-11-02,285.776
2007-11-03,289.004
2007-11-03,289.004
2007-11-04,287.899
2007-11-04,287.899
2007-11-05,278.005
2007-11-05,278.005
2007-11-06,286.426
2007-11-06,286.426
2007-11-07,287.517
2007-11-07,287.517
2007-11-08,288.268
2007-11-08,288.268
2007-11-09,285.312
2007-11-09,285.312
2007-11-10,281.635
2007-11-10,281.635
2007-11-11,284.457
2007-11-11,284.457
2007-11-12,277.709
2007-11-12,277.709
2007-11-13,286.833
2007-11-13,286.833
2007-11-14,287.805
2007-11-14,287.805
2007-11-15,281.098
2007-11-15,281.098
2007-11-16,286.598
2007-11-16,286.598
2007-11-17,288.337
2007-11-17,288.337
2007-11-18,289.952
2007-11-18,289.952
2007-11-19,289.781
2007-11-19,289.781
2007-11-20,288.555
2007-11-20,288.555
2007-11-21,288.048
2007-11-21,288.048
2007-11-22,291.927
2007-11-22,291.927
2007-11-23,293.518
2007-11-23,293.518
2007-11-24,285.824
2007-11-24,285.824
2007-11-25,287.501
2007-11-25,287.501
2007-11-26,288.023
2007-11-26,288.023
2007-11-27,287.295
2007-11-27,287.295
2007-11-28,291.218
2007-11-28,291.218
2007-11-29,291.305
2007-11-29,291.305
2007-11-30,290.754
2007-11-30,290.754
2007-12-01,284.363
2007-12-01,284.363
2007-12-03,287.057
2007-12-03,287.057
2007-12-04,277.885
2007-12-04,277.885
2007-12-05,274.032
2007-12-05,274.032
2007-12-07,291.894
2007-12-07,291.894
2007-12-08,286.55
2007-12-08,286.55
2007-12-10,286.011
2007-12-10,286.011
2007-12-11,278.326
2007-12-11,278.326
2007-12-12,291.923
2007-12-12,291.923
2007-12-14,292.003
2007-12-14,292.003
2007-12-17,292.363
2007-12-17,292.363
2007-12-18,292.909
2007-12-18,292.909
2007-12-19,289.03
2007-12-19,289.03
2007-12-20,284.979
2007-12-20,284.979
2007-12-21,291.472
2007-12-21,291.472
2007-12-22,294.278
2007-12-22,294.278
2007-12-23,293.17
2007-12-23,293.17
2007-12-24,290.847
2007-12-24,290.847
2007-12-25,289.422
2007-12-25,289.422
2007-12-26,290.383
2007-12-26,290.383
2007-12-27,290.755
2007-12-27,290.755
2007-12-28,286.679
2007-12-28,286.679
2007-12-29,289.606
2007-12-29,289.606
2007-12-30,289.481
2007-12-30,289.481
2008-01-01,287.996
2008-01-01,287.996
2008-01-03,290.384
2008-01-03,290.384
2008-01-04,282.96
2008-01-04,282.96
2008-01-05,293.23
2008-01-05,293.23
2008-01-06,290.185
2008-01-06,290.185
2008-01-07,291.75
2008-01-07,291.75
2008-01-09,288.265
2008-01-09,288.265
2008-01-10,290.027
2008-01-10,290.027
2008-01-11,293.21
2008-01-11,293.21
2008-01-12,287.822
2008-01-12,287.822
2008-01-13,288.565
2008-01-13,288.565
2008-01-14,288.896
2008-01-14,288.896
2008-01-17,282.22
2008-01-17,282.22
2008-01-18,289.092
2008-01-18,289.092
2008-01-21,288.652
2008-01-21,288.652
2008-01-22,286.783
2008-01-22,286.783
2008-01-24,288.3
2008-01-24,288.3
2008-01-26,276.116
2008-01-26,276.116
2008-01-27,281.877
2008-01-27,281.877
2008-01-28,287.518
2008-01-28,287.518
2008-01-29,286.581
2008-01-29,286.581
2008-01-30,287.673
2008-01-30,287.673
2008-01-31,285.498
2008-01-31,285.498
2008-02-01,286.303
2008-02-01,286.303
2008-02-02,285.921
2008-02-02,285.921
2008-02-03,291.375
2008-02-03,291.375
2008-02-04,288.029
2008-02-04,288.029
2008-02-05,288.948
2008-02-05,288.948
2008-02-06,288.637
2008-02-06,288.637
2008-02-07,288.573
2008-02-07,288.573
2008-02-08,289.385
2008-02-08,289.385
2008-02-09,284.216
2008-02-09,284.216
2008-02-10,287.254
2008-02-10,287.254
2008-02-11,286.076
2008-02-11,286.076
2008-02-12,286.526
2008-02-12,286.526
2008-02-13,289.675
2008-02-13,289.675
2008-02-14,288.435
2008-02-14,288.435
2008-02-15,287.971
2008-02-15,287.971
2008-02-17,286.107
2008-02-17,286.107
2008-02-19,287.162
2008-02-19,287.162
2008-02-21,285.676
2008-02-21,285.676
2008-02-22,287.15
2008-02-22,287.15
2008-02-24,287.764
2008-02-24,287.764
2008-02-25,282.91
2008-02-25,282.91
2008-02-26,286.263
2008-02-26,286.263
2008-02-27,287.59
2008-02-27,287.59
2008-02-28,287.853
2008-02-28,287.853
2008-02-29,284.98
2008-02-29,284.98
2008-03-01,285.403
2008-03-01,285.403
2008-03-02,283.023
2008-03-02,283.023
2008-03-03,285.874
2008-03-03,285.874
2008-03-05,286.353
2008-03-05,286.353
2008-03-06,285.465
2008-03-06,285.465
2008-03-07,286.257
2008-03-07,286.257
2008-03-08,284.149
2008-03-08,284.149
2008-03-09,286.609
2008-03-09,286.609
2008-03-11,286.084
2008-03-11,286.084
2008-03-12,286.501
2008-03-12,286.501
2008-03-13,282.734
2008-03-13,282.734
2008-03-14,288.043
2008-03-14,288.043
2008-03-15,287.563
2008-03-15,287.563
2008-03-16,287.471
2008-03-16,287.471
2008-03-17,288.44
2008-03-17,288.44
2008-03-18,287.904
2008-03-18,287.904
2008-03-19,287.015
2008-03-19,287.015
2008-03-21,287.047
2008-03-21,287.047
2008-03-22,288.176
2008-03-22,288.176
2008-03-23,288.2
2008-03-23,288.2
2008-03-24,288.237
2008-03-24,288.237
2008-03-25,286.745
2008-03-25,286.745
2008-03-26,283.308
2008-03-26,283.308
2008-03-27,287.256
2008-03-27,287.256
2008-03-28,287.566
2008-03-28,287.566
2008-03-29,284.5
2008-03-29,284.5
2008-03-30,286.553
2008-03-30,286.553
2008-03-31,285.745
2008-03-31,285.745
2008-04-01,288.656
2008-04-01,288.656
2008-04-02,282.608
2008-04-02,282.608
2008-04-03,284.893
2008-04-03,284.893
2008-04-04,279.916
2008-04-04,279.916
2008-04-05,282.95
2008-04-05,282.95
2008-04-06,286.338
2008-04-06,286.338
2008-04-07,285.012
2008-04-07,285.012
2008-04-08,285.477
2008-04-08,285.477
2008-04-09,284.006
2008-04-09,284.006
2008-04-10,285.392
2008-04-10,285.392
2008-04-11,286.448
2008-04-11,286.448
2008-04-12,286.131
2008-04-12,286.131
2008-04-13,285.263
2008-04-13,285.263
2008-04-14,284.177
2008-04-14,284.177
2008-04-15,284.773
2008-04-15,284.773
2008-04-16,280.56
2008-04-16,280.56
2008-04-17,284.402
2008-04-17,284.402
2008-04-18,284.478
2008-04-18,284.478
2008-04-19,283.737
2008-04-19,283.737
2008-04-20,285.479
2008-04-20,285.479
2008-04-21,284.934
2008-04-21,284.934
2008-04-22,284.458
2008-04-22,284.458
2008-04-23,281.779
2008-04-23,281.779
2008-04-24,283.859
2008-04-24,283.859
2008-04-25,285.302
2008-04-25,285.302
2008-04-26,284.589
2008-04-26,284.589
2008-04-27,280.52
2008-04-27,280.52
2008-04-28,278.292
2008-04-28,278.292
2008-04-29,281.339
2008-04-29,281.339
2008-04-30,278.834
2008-04-30,278.834
2008-05-01,280.839
2008-05-01,280.839
2008-05-02,278.673
2008-05-02,278.673
2008-05-03,280.628
2008-05-03,280.628
2008-05-04,280.889
2008-05-04,280.889
2008-05-05,281.607
2008-05-05,281.607
2008-05-06,281.837
2008-05-06,281.837
2008-05-07,280.597
2008-05-07,280.597
2008-05-08,281.544
2008-05-08,281.544
2008-05-09,281.918
2008-05-09,281.918
2008-05-11,272.75
2008-05-11,272.75
2008-05-12,278.581
2008-05-12,278.581
2008-05-13,280.714
2008-05-13,280.714
2008-05-14,281.167
2008-05-14,281.167
2008-05-15,281.405
2008-05-15,281.405
2008-05-16,279.818
2008-05-16,279.818
2008-05-17,279.607
2008-05-17,279.607
2008-05-18,278.897
2008-05-18,278.897
2008-05-19,280.737
2008-05-19,280.737
2008-05-20,280.235
2008-05-20,280.235
2008-05-21,279.957
2008-05-21,279.957
2008-05-22,279.765
2008-05-22,279.765
2008-05-23,279.938
2008-05-23,279.938
2008-05-24,281.564
2008-05-24,281.564
2008-05-25,281.599
2008-05-25,281.599
2008-05-26,279.314
2008-05-26,279.314
2008-05-27,278.562
2008-05-27,278.562
2008-05-28,277.704
2008-05-28,277.704
2008-05-29,279.712
2008-05-29,279.712
2008-05-30,277.666
2008-05-30,277.666
2008-05-31,274.083
2008-05-31,274.083
2008-06-01,277.058
2008-06-01,277.058
2008-06-02,278.596
2008-06-02,278.596
2008-06-03,279.845
2008-06-03,279.845
2008-06-04,279.181
2008-06-04,279.181
2008-06-05,278.637
2008-06-05,278.637
2008-06-06,278.738
2008-06-06,278.738
2008-06-07,279.163
2008-06-07,279.163
2008-06-08,279.14
2008-06-08,279.14
2008-06-09,277.544
2008-06-09,277.544
2008-06-10,277.474
2008-06-10,277.474
2008-06-12,279.102
2008-06-12,279.102
2008-06-13,278.283
2008-06-13,278.283
2008-06-14,277.161
2008-06-14,277.161
2008-06-15,273.705
2008-06-15,273.705
2008-06-16,277.848
2008-06-16,277.848
2008-06-17,279.871
2008-06-17,279.871
2008-06-18,279.889
2008-06-18,279.889
2008-06-19,279.849
2008-06-19,279.849
2008-06-20,278.582
2008-06-20,278.582
2008-06-21,276.098
2008-06-21,276.098
2008-06-22,278.822
2008-06-22,278.822
2008-06-23,278.744
2008-06-23,278.744
2008-06-24,277.979
2008-06-24,277.979
2008-06-25,279.033
2008-06-25,279.033
2008-06-26,271.711
2008-06-26,271.711
2008-06-27,277.96
2008-06-27,277.96
2008-06-28,277.643
2008-06-28,277.643
2008-06-29,276.173
2008-06-29,276.173
2008-06-30,276.945
2008-06-30,276.945
2008-07-01,275.906
2008-07-01,275.906
2008-07-02,275.783
2008-07-02,275.783
2008-07-03,276.932
2008-07-03,276.932
2008-07-04,277.592
2008-07-04,277.592
2008-07-05,277.039
2008-07-05,277.039
2008-07-06,278.007
2008-07-06,278.007
2008-07-07,278.326
2008-07-07,278.326
2008-07-08,277.796
2008-07-08,277.796
2008-07-09,278.015
2008-07-09,278.015
2008-07-10,277.683
2008-07-10,277.683
2008-07-11,280.02
2008-07-11,280.02
2008-07-12,280.579
2008-07-12,280.579
2008-07-13,279.197
2008-07-13,279.197
2008-07-14,278.805
2008-07-14,278.805
2008-07-15,279.156
2008-07-15,279.156
2008-07-16,280.572
2008-07-16,280.572
2008-07-17,280.572
2008-07-17,280.572
2008-07-18,279.134
2008-07-18,279.134
2008-07-19,278.635
2008-07-19,278.635
2008-07-20,278.87
2008-07-20,278.87
2008-07-21,279.335
2008-07-21,279.335
2008-07-22,277.266
2008-07-22,277.266
2008-07-23,277.492
2008-07-23,277.492
2008-07-24,276.494
2008-07-24,276.494
2008-07-25,278.65
2008-07-25,278.65
2008-07-26,279.487
2008-07-26,279.487
2008-07-27,279.637
2008-07-27,279.637
2008-07-28,279.182
2008-07-28,279.182
2008-07-29,280.128
2008-07-29,280.128
2008-07-30,275.774
2008-07-30,275.774
2008-07-31,278.403
2008-07-31,278.403
2008-08-01,276.922
2008-08-01,276.922
2008-08-02,275.477
2008-08-02,275.477
2008-08-03,277.296
2008-08-03,277.296
2008-08-04,276.811
2008-08-04,276.811
2008-08-05,279.054
2008-08-05,279.054
2008-08-06,278.848
2008-08-06,278.848
2008-08-07,278.631
2008-08-07,278.631
2008-08-09,279.591
2008-08-09,279.591
2008-08-10,281.174
2008-08-10,281.174
2008-08-11,280.016
2008-08-11,280.016
2008-08-12,279.389
2008-08-12,279.389
2008-08-13,278.679
2008-08-13,278.679
2008-08-14,279.276
2008-08-14,279.276
2008-08-15,280.47
2008-08-15,280.47
2008-08-16,279.812
2008-08-16,279.812
2008-08-17,279.508
2008-08-17,279.508
2008-08-18,279.176
2008-08-18,279.176
2008-08-19,281.224
2008-08-19,281.224
2008-08-20,281.26
2008-08-20,281.26
2008-08-21,280.878
2008-08-21,280.878
2008-08-22,281.89
2008-08-22,281.89
2008-08-23,281.297
2008-08-23,281.297
2008-08-24,282.549
2008-08-24,282.549
2008-08-25,283.232
2008-08-25,283.232
2008-08-26,283.223
2008-08-26,283.223
2008-08-27,279.434
2008-08-27,279.434
2008-08-28,280.001
2008-08-28,280.001
2008-08-29,282.659
2008-08-29,282.659
2008-08-30,280.539
2008-08-30,280.539
2008-08-31,280.596
2008-08-31,280.596
2008-09-01,281.057
2008-09-01,281.057
2008-09-02,282.714
2008-09-02,282.714
2008-09-03,285.673
2008-09-03,285.673
2008-09-04,283.24
2008-09-04,283.24
2008-09-05,281.561
2008-09-05,281.561
2008-09-06,278.851
2008-09-06,278.851
2008-09-07,282.243
2008-09-07,282.243
2008-09-08,284.413
2008-09-08,284.413
2008-09-09,283.375
2008-09-09,283.375
2008-09-10,283.862
2008-09-10,283.862
2008-09-11,282.604
2008-09-11,282.604
2008-09-12,284.353
2008-09-12,284.353
2008-09-13,283.758
2008-09-13,283.758
2008-09-14,282.227
2008-09-14,282.227
2008-09-15,282.325
2008-09-15,282.325
2008-09-16,283.113
2008-09-16,283.113
2008-09-17,284.824
2008-09-17,284.824
2008-09-18,283.396
2008-09-18,283.396
2008-09-19,281.061
2008-09-19,281.061
2008-09-20,281.432
2008-09-20,281.432
2008-09-21,281.995
2008-09-21,281.995
2008-09-22,286.989
2008-09-22,286.989
2008-09-23,283.867
2008-09-23,283.867
2008-09-24,282.491
2008-09-24,282.491
2008-09-25,282.189
2008-09-25,282.189
2008-09-26,282.363
2008-09-26,282.363
2008-09-27,285.655
2008-09-27,285.655
2008-09-28,283.412
2008-09-28,283.412
2008-09-29,277.592
2008-09-29,277.592
2008-09-30,285.834
2008-09-30,285.834
2008-10-01,285.274
2008-10-01,285.274
2008-10-02,287.137
2008-10-02,287.137
2008-10-03,284.107
2008-10-03,284.107
2008-10-05,279.731
2008-10-05,279.731
2008-10-06,280.373
2008-10-06,280.373
2008-10-07,286.146
2008-10-07,286.146
2008-10-08,285.502
2008-10-08,285.502
2008-10-09,284.957
2008-10-09,284.957
2008-10-10,284.697
2008-10-10,284.697
2008-10-11,287.001
2008-10-11,287.001
2008-10-12,289.219
2008-10-12,289.219
2008-10-13,288.02
2008-10-13,288.02
2008-10-14,288.13
2008-10-14,288.13
2008-10-15,278.986
2008-10-15,278.986
2008-10-16,289.745
2008-10-16,289.745
2008-10-17,288.599
2008-10-17,288.599
2008-10-18,287.037
2008-10-18,287.037
2008-10-19,285.468
2008-10-19,285.468
2008-10-20,286.909
2008-10-20,286.909
2008-10-21,291.037
2008-10-21,291.037
2008-10-22,288.175
2008-10-22,288.175
2008-10-23,289.469
2008-10-23,289.469
2008-10-24,290.459
2008-10-24,290.459
2008-10-25,285.591
2008-10-25,285.591
2008-10-26,290.596
2008-10-26,290.596
2008-10-27,288.79
2008-10-27,288.79
2008-10-28,290.446
2008-10-28,290.446
2008-10-29,288.978
2008-10-29,288.978
2008-10-30,284.993
2008-10-30,284.993
2008-10-31,286.983
2008-10-31,286.983
2008-11-01,289.587
2008-11-01,289.587
2008-11-02,287.582
2008-11-02,287.582
2008-11-03,286.832
2008-11-03,286.832
2008-11-04,290.885
2008-11-04,290.885
2008-11-05,281.921
2008-11-05,281.921
2008-11-06,290.409
2008-11-06,290.409
2008-11-07,282.306
2008-11-07,282.306
2008-11-08,288.686
2008-11-08,288.686
2008-11-09,290.181
2008-11-09,290.181
2008-11-11,291.595
2008-11-11,291.595
2008-11-12,289.791
2008-11-12,289.791
2008-11-13,286.78
2008-11-13,286.78
2008-11-16,290.14
2008-11-16,290.14
2008-11-17,290.276
2008-11-17,290.276
2008-11-21,293.316
2008-11-21,293.316
2008-11-22,291.603
2008-11-22,291.603
2008-11-23,290.341
2008-11-23,290.341
2008-11-24,296.6
2008-11-24,296.6
2008-11-26,293.79
2008-11-26,293.79
2008-12-01,294.998
2008-12-01,294.998
2008-12-02,290.723
2008-12-02,290.723
2008-12-03,289.52
2008-12-03,289.52
2008-12-06,296.83
2008-12-06,296.83
2008-12-09,293.499
2008-12-09,293.499
2008-12-10,291.292
2008-12-10,291.292
2008-12-12,288.057
2008-12-12,288.057
2008-12-13,291.628
2008-12-13,291.628
2008-12-15,294.223
2008-12-15,294.223
2008-12-16,283.397
2008-12-16,283.397
2008-12-17,290.822
2008-12-17,290.822
2008-12-19,293.374
2008-12-19,293.374
2008-12-20,291.456
2008-12-20,291.456
2008-12-21,292.098
2008-12-21,292.098
2008-12-22,287.515
2008-12-22,287.515
2008-12-24,272.1
2008-12-24,272.1
2008-12-25,287.559
2008-12-25,287.559
2008-12-26,291.285
2008-12-26,291.285
2008-12-27,287.238
2008-12-27,287.238
2008-12-28,294.879
2008-12-28,294.879
2008-12-29,286.648
2008-12-29,286.648
2008-12-30,289.541
2008-12-30,289.541
2008-12-31,289.578
2008-12-31,289.578
2009-01-01,289.437
2009-01-01,289.437
2009-01-02,292.296
2009-01-02,292.296
2009-01-03,290.412
2009-01-03,290.412
2009-01-04,288.463
2009-01-04,288.463
2009-01-05,288.205
2009-01-05,288.205
2009-01-06,290.476
2009-01-06,290.476
2009-01-07,290.702
2009-01-07,290.702
2009-01-08,289.268
2009-01-08,289.268
2009-01-09,290.236
2009-01-09,290.236
2009-01-10,288.806
2009-01-10,288.806
2009-01-11,291.23
2009-01-11,291.23
2009-01-12,290.853
2009-01-12,290.853
2009-01-13,290.254
2009-01-13,290.254
2009-01-14,289.091
2009-01-14,289.091
2009-01-15,289.374
2009-01-15,289.374
2009-01-17,285.45
2009-01-17,285.45
2009-01-18,288.384
2009-01-18,288.384
2009-01-19,287.828
2009-01-19,287.828
2009-01-20,287.428
2009-01-20,287.428
2009-01-21,291.22
2009-01-21,291.22
2009-01-22,290.797
2009-01-22,290.797
2009-01-23,290.261
2009-01-23,290.261
2009-01-24,287.709
2009-01-24,287.709
2009-01-25,288.388
2009-01-25,288.388
2009-01-26,290.504
2009-01-26,290.504
2009-01-27,286.623
2009-01-27,286.623
2009-01-28,289.521
2009-01-28,289.521
2009-01-29,286.146
2009-01-29,286.146
2009-01-30,290.245
2009-01-30,290.245
2009-01-31,290.481
2009-01-31,290.481
2009-02-01,289.95
2009-02-01,289.95
2009-02-02,289.069
2009-02-02,289.069
2009-02-03,286.028
2009-02-03,286.028
2009-02-05,290.618
2009-02-05,290.618
2009-02-06,289.69
2009-02-06,289.69
2009-02-07,280.989
2009-02-07,280.989
2009-02-08,284.187
2009-02-08,284.187
2009-02-09,287.196
2009-02-09,287.196
2009-02-11,288.592
2009-02-11,288.592
2009-02-12,277.19
2009-02-12,277.19
2009-02-13,278.9
2009-02-13,278.9
2009-02-14,288.839
2009-02-14,288.839
2009-02-16,286.396
2009-02-16,286.396
2009-02-17,287.653
2009-02-17,287.653
2009-02-18,288.608
2009-02-18,288.608
2009-02-19,285.555
2009-02-19,285.555
2009-02-20,285.462
2009-02-20,285.462
2009-02-21,290.016
2009-02-21,290.016
2009-02-22,286.63
2009-02-22,286.63
2009-02-23,284.114
2009-02-23,284.114
2009-02-24,289.654
2009-02-24,289.654
2009-02-25,289.243
2009-02-25,289.243
2009-02-27,285.126
2009-02-27,285.126
2009-02-28,283.068
2009-02-28,283.068
2009-03-01,288.615
2009-03-01,288.615
2009-03-02,287.541
2009-03-02,287.541
2009-03-04,282.68
2009-03-04,282.68
2009-03-05,287.513
2009-03-05,287.513
2009-03-06,287.752
2009-03-06,287.752
2009-03-07,286.707
2009-03-07,286.707
2009-03-08,287.29
2009-03-08,287.29
2009-03-09,287.776
2009-03-09,287.776
2009-03-10,287.772
2009-03-10,287.772
2009-03-11,287.637
2009-03-11,287.637
2009-03-12,286.806
2009-03-12,286.806
2009-03-13,286.658
2009-03-13,286.658
2009-03-14,286.607
2009-03-14,286.607
2009-03-15,288.192
2009-03-15,288.192
2009-03-16,286.895
2009-03-16,286.895
2009-03-17,286.961
2009-03-17,286.961
2009-03-18,284.686
2009-03-18,284.686
2009-03-21,285.655
2009-03-21,285.655
2009-03-22,286.158
2009-03-22,286.158
2009-03-23,284.825
2009-03-23,284.825
2009-03-24,279.579
2009-03-24,279.579
2009-03-25,286.434
2009-03-25,286.434
2009-03-26,287.134
2009-03-26,287.134
2009-03-27,285.473
2009-03-27,285.473
2009-03-28,285.275
2009-03-28,285.275
2009-03-29,281.238
2009-03-29,281.238
2009-03-30,287.168
2009-03-30,287.168
2009-03-31,286.825
2009-03-31,286.825
2009-04-01,285.741
2009-04-01,285.741
2009-04-02,285.873
2009-04-02,285.873
2009-04-03,287.26
2009-04-03,287.26
2009-04-04,287.32
2009-04-04,287.32
2009-04-05,285.411
2009-04-05,285.411
2009-04-06,281.364
2009-04-06,281.364
2009-04-07,277.46
2009-04-07,277.46
2009-04-09,285.888
2009-04-09,285.888
2009-04-10,284.051
2009-04-10,284.051
2009-04-11,285.764
2009-04-11,285.764
2009-04-12,284.19
2009-04-12,284.19
2009-04-13,286.494
2009-04-13,286.494
2009-04-14,285.388
2009-04-14,285.388
2009-04-15,284.285
2009-04-15,284.285
2009-04-16,284.607
2009-04-16,284.607
2009-04-17,283.69
2009-04-17,283.69
2009-04-18,285.947
2009-04-18,285.947
2009-04-19,284.677
2009-04-19,284.677
2009-04-20,284.022
2009-04-20,284.022
2009-04-21,284.205
2009-04-21,284.205
2009-04-22,284.081
2009-04-22,284.081
2009-04-23,285.48
2009-04-23,285.48
2009-04-24,284.845
2009-04-24,284.845
2009-04-25,284.312
2009-04-25,284.312
2009-04-26,284.104
2009-04-26,284.104
2009-04-27,285.506
2009-04-27,285.506
2009-04-28,285.236
2009-04-28,285.236
2009-04-29,282.902
2009-04-29,282.902
2009-04-30,282.73
2009-04-30,282.73
2009-05-01,283.196
2009-05-01,283.196
2009-05-02,283.974
2009-05-02,283.974
2009-05-03,283.918
2009-05-03,283.918
2009-05-04,283.017
2009-05-04,283.017
2009-05-05,281.93
2009-05-05,281.93
2009-05-06,278.084
2009-05-06,278.084
2009-05-07,281.067
2009-05-07,281.067
2009-05-08,281.784
2009-05-08,281.784
2009-05-09,281.589
2009-05-09,281.589
2009-05-10,280.535
2009-05-10,280.535
2009-05-11,281.021
2009-05-11,281.021
2009-05-12,283.342
2009-05-12,283.342
2009-05-13,282.92
2009-05-13,282.92
2009-05-14,280.903
2009-05-14,280.903
2009-05-15,281.006
2009-05-15,281.006
2009-05-16,280.983
2009-05-16,280.983
2009-05-17,282.989
2009-05-17,282.989
2009-05-18,281.937
2009-05-18,281.937
2009-05-19,282.137
2009-05-19,282.137
2009-05-20,281.851
2009-05-20,281.851
2009-05-21,282.214
2009-05-21,282.214
2009-05-22,282.607
2009-05-22,282.607
2009-05-23,281.132
2009-05-23,281.132
2009-05-24,280.392
2009-05-24,280.392
2009-05-25,279.939
2009-05-25,279.939
2009-05-26,281.266
2009-05-26,281.266
2009-05-27,282.517
2009-05-27,282.517
2009-05-28,277.193
2009-05-28,277.193
2009-05-29,278.239
2009-05-29,278.239
2009-05-30,278.784
2009-05-30,278.784
2009-05-31,278.256
2009-05-31,278.256
2009-06-01,279.177
2009-06-01,279.177
2009-06-02,277.415
2009-06-02,277.415
2009-06-03,277.817
2009-06-03,277.817
2009-06-04,276.489
2009-06-04,276.489
2009-06-05,279.549
2009-06-05,279.549
2009-06-06,277.278
2009-06-06,277.278
2009-06-07,278.919
2009-06-07,278.919
2009-06-08,279.733
2009-06-08,279.733
2009-06-09,278.192
2009-06-09,278.192
2009-06-10,280.042
2009-06-10,280.042
2009-06-11,278.86
2009-06-11,278.86
2009-06-12,278.572
2009-06-12,278.572
2009-06-13,274.824
2009-06-13,274.824
2009-06-14,275.088
2009-06-14,275.088
2009-06-15,275.49
2009-06-15,275.49
2009-06-16,276.18
2009-06-16,276.18
2009-06-17,277.539
2009-06-17,277.539
2009-06-18,276.471
2009-06-18,276.471
2009-06-19,278.414
2009-06-19,278.414
2009-06-20,279.318
2009-06-20,279.318
2009-06-21,278.552
2009-06-21,278.552
2009-06-22,276.986
2009-06-22,276.986
2009-06-23,276.707
2009-06-23,276.707
2009-06-24,272.826
2009-06-24,272.826
2009-06-25,276.936
2009-06-25,276.936
2009-06-26,278.314
2009-06-26,278.314
2009-06-27,277.212
2009-06-27,277.212
2009-06-28,277.857
2009-06-28,277.857
2009-06-29,278.378
2009-06-29,278.378
2009-06-30,277.871
2009-06-30,277.871
2009-07-01,277.636
2009-07-01,277.636
2009-07-02,276.638
2009-07-02,276.638
2009-07-03,274.451
2009-07-03,274.451
2009-07-04,276.374
2009-07-04,276.374
2009-07-05,273.752
2009-07-05,273.752
2009-07-06,275.813
2009-07-06,275.813
2009-07-07,276.681
2009-07-07,276.681
2009-07-08,276.426
2009-07-08,276.426
2009-07-09,278.853
2009-07-09,278.853
2009-07-10,275.138
2009-07-10,275.138
2009-07-11,271.784
2009-07-11,271.784
2009-07-12,277.956
2009-07-12,277.956
2009-07-13,276.197
2009-07-13,276.197
2009-07-14,281.591
2009-07-14,281.591
2009-07-15,274.62
2009-07-15,274.62
2009-07-16,274.44
2009-07-16,274.44
2009-07-17,277.529
2009-07-17,277.529
2009-07-18,276.939
2009-07-18,276.939
2009-07-19,281.532
2009-07-19,281.532
2009-07-21,278.964
2009-07-21,278.964
2009-07-22,274.995
2009-07-22,274.995
2009-07-23,275.844
2009-07-23,275.844
2009-07-24,278.257
2009-07-24,278.257
2009-07-25,275.66
2009-07-25,275.66
2009-07-27,273.462
2009-07-27,273.462
2009-07-28,278.928
2009-07-28,278.928
2009-07-29,279.399
2009-07-29,279.399
2009-07-30,279.688
2009-07-30,279.688
2009-07-31,275.052
2009-07-31,275.052
2009-08-01,279.544
2009-08-01,279.544
2009-08-02,279.271
2009-08-02,279.271
2009-08-03,279.866
2009-08-03,279.866
2009-08-04,279.237
2009-08-04,279.237
2009-08-05,278.864
2009-08-05,278.864
2009-08-06,279.656
2009-08-06,279.656
2009-08-07,283.513
2009-08-07,283.513
2009-08-08,275.676
2009-08-08,275.676
2009-08-09,277.462
2009-08-09,277.462
2009-08-10,276.544
2009-08-10,276.544
2009-08-11,278.541
2009-08-11,278.541
2009-08-12,279.917
2009-08-12,279.917
2009-08-13,280.22
2009-08-13,280.22
2009-08-14,279.758
2009-08-14,279.758
2009-08-15,280.043
2009-08-15,280.043
2009-08-16,279.412
2009-08-16,279.412
2009-08-17,280.854
2009-08-17,280.854
2009-08-18,279.414
2009-08-18,279.414
2009-08-19,278.425
2009-08-19,278.425
2009-08-20,278.283
2009-08-20,278.283
2009-08-21,280.16
2009-08-21,280.16
2009-08-22,279.754
2009-08-22,279.754
2009-08-23,278.027
2009-08-23,278.027
2009-08-24,277.353
2009-08-24,277.353
2009-08-25,278.318
2009-08-25,278.318
2009-08-26,282.383
2009-08-26,282.383
2009-08-27,283.533
2009-08-27,283.533
2009-08-28,283.373
2009-08-28,283.373
2009-08-29,282.567
2009-08-29,282.567
2009-08-30,280.586
2009-08-30,280.586
2009-08-31,282.966
2009-08-31,282.966
2009-09-01,283.958
2009-09-01,283.958
2009-09-02,281.661
2009-09-02,281.661
2009-09-03,281.606
2009-09-03,281.606
2009-09-04,280.088
2009-09-04,280.088
2009-09-05,284.026
2009-09-05,284.026
2009-09-06,282.272
2009-09-06,282.272
2009-09-07,281.37
2009-09-07,281.37
2009-09-08,279.486
2009-09-08,279.486
2009-09-09,280.835
2009-09-09,280.835
2009-09-10,284.16
2009-09-10,284.16
2009-09-11,282.727
2009-09-11,282.727
2009-09-12,282.558
2009-09-12,282.558
2009-09-13,280.829
2009-09-13,280.829
2009-09-14,282.744
2009-09-14,282.744
2009-09-15,277.88
2009-09-15,277.88
2009-09-16,286.637
2009-09-16,286.637
2009-09-17,284.856
2009-09-17,284.856
2009-09-18,283.752
2009-09-18,283.752
2009-09-19,285.392
2009-09-19,285.392
2009-09-20,286.082
2009-09-20,286.082
2009-09-21,282.058
2009-09-21,282.058
2009-09-22,282.015
2009-09-22,282.015
2009-09-23,281.271
2009-09-23,281.271
2009-09-24,284.91
2009-09-24,284.91
2009-09-25,286.08
2009-09-25,286.08
2009-09-26,285.999
2009-09-26,285.999
2009-09-27,287.399
2009-09-27,287.399
2009-09-28,282.326
2009-09-28,282.326
2009-09-29,284.48
2009-09-29,284.48
2009-09-30,290.254
2009-09-30,290.254
2009-10-01,288.618
2009-10-01,288.618
2009-10-02,285.349
2009-10-02,285.349
2009-10-03,284.197
2009-10-03,284.197
2009-10-04,290.494
2009-10-04,290.494
2009-10-05,287.648
2009-10-05,287.648
2009-10-06,285.503
2009-10-06,285.503
2009-10-07,282.23
2009-10-07,282.23
2009-10-08,285.204
2009-10-08,285.204
2009-10-09,290.987
2009-10-09,290.987
2009-10-10,287.264
2009-10-10,287.264
2009-10-11,285.468
2009-10-11,285.468
2009-10-12,284.481
2009-10-12,284.481
2009-10-13,285.099
2009-10-13,285.099
2009-10-14,286.724
2009-10-14,286.724
2009-10-15,287.239
2009-10-15,287.239
2009-10-16,287.495
2009-10-16,287.495
2009-10-18,287.145
2009-10-18,287.145
2009-10-20,283.027
2009-10-20,283.027
2009-10-21,283.637
2009-10-21,283.637
2009-10-22,285.571
2009-10-22,285.571
2009-10-23,290.004
2009-10-23,290.004
2009-10-24,288.811
2009-10-24,288.811
2009-10-25,290.119
2009-10-25,290.119
2009-10-26,285.096
2009-10-26,285.096
2009-10-27,287.91
2009-10-27,287.91
2009-10-28,293.884
2009-10-28,293.884
2009-10-29,292.447
2009-10-29,292.447
2009-10-30,290.567
2009-10-30,290.567
2009-10-31,291.392
2009-10-31,291.392
2009-11-01,289.682
2009-11-01,289.682
2009-11-02,297.484
2009-11-02,297.484
2009-11-03,293.301
2009-11-03,293.301
2009-11-04,291.588
2009-11-04,291.588
2009-11-06,284.22
2009-11-06,284.22
2009-11-14,289.924
2009-11-14,289.924
2009-11-16,286.613
2009-11-16,286.613
2009-11-17,295.293
2009-11-17,295.293
2009-11-18,294.503
2009-11-18,294.503
2009-11-19,293.041
2009-11-19,293.041
2009-11-21,289.081
2009-11-21,289.081
2009-11-22,292.295
2009-11-22,292.295
2009-11-23,292.482
2009-11-23,292.482
2009-11-25,288.083
2009-11-25,288.083
2009-11-28,295.762
2009-11-28,295.762
2009-11-29,286.557
2009-11-29,286.557
2009-11-30,290.82
2009-11-30,290.82
2009-12-01,293.441
2009-12-01,293.441
2009-12-02,295.158
2009-12-02,295.158
2009-12-03,287.401
2009-12-03,287.401
2009-12-04,287.18
2009-12-04,287.18
2009-12-05,287.183
2009-12-05,287.183
2009-12-09,288.423
2009-12-09,288.423
2009-12-10,286.627
2009-12-10,286.627
2009-12-11,294.947
2009-12-11,294.947
2009-12-12,291.077
2009-12-12,291.077
2009-12-13,293.615
2009-12-13,293.615
2009-12-14,289.288
2009-12-14,289.288
2009-12-15,292.047
2009-12-15,292.047
2009-12-16,293.538
2009-12-16,293.538
2009-12-17,292.542
2009-12-17,292.542
2009-12-18,289.712
2009-12-18,289.712
2009-12-19,289.566
2009-12-19,289.566
2009-12-20,289.622
2009-12-20,289.622
2009-12-22,286.906
2009-12-22,286.906
2009-12-23,290.917
2009-12-23,290.917
2009-12-26,289.136
2009-12-26,289.136
2009-12-27,288.82
2009-12-27,288.82
2009-12-28,289.64
2009-12-28,289.64
2009-12-29,287.905
2009-12-29,287.905
2009-12-30,284.733
2009-12-30,284.733
2009-12-31,289.536
2009-12-31,289.536
2010-01-01,290.105
2010-01-01,290.105
2010-01-02,290.289
2010-01-02,290.289
2010-01-04,290.371
2010-01-04,290.371
2010-01-05,290.771
2010-01-05,290.771
2010-01-06,289.867
2010-01-06,289.867
2010-01-09,286.06
2010-01-09,286.06
2010-01-10,289.822
2010-01-10,289.822
2010-01-11,290.521
2010-01-11,290.521
2010-01-12,288.833
2010-01-12,288.833
2010-01-13,283.879
2010-01-13,283.879
2010-01-14,288.705
2010-01-14,288.705
2010-01-15,291.133
2010-01-15,291.133
2010-01-16,291.143
2010-01-16,291.143
2010-01-17,290.087
2010-01-17,290.087
2010-01-18,290.467
2010-01-18,290.467
2010-01-19,291.842
2010-01-19,291.842
2010-01-20,282.851
2010-01-20,282.851
2010-01-21,288.775
2010-01-21,288.775
2010-01-22,284.261
2010-01-22,284.261
2010-01-23,289.378
2010-01-23,289.378
2010-01-24,286.194
2010-01-24,286.194
2010-01-26,286.531
2010-01-26,286.531
2010-01-28,286.958
2010-01-28,286.958
2010-01-29,287.455
2010-01-29,287.455
2010-01-31,276.78
2010-01-31,276.78
2010-02-02,290.596
2010-02-02,290.596
2010-02-03,289.287
2010-02-03,289.287
2010-02-04,287.232
2010-02-04,287.232
2010-02-06,287.321
2010-02-06,287.321
2010-02-07,287.987
2010-02-07,287.987
2010-02-08,291.788
2010-02-08,291.788
2010-02-09,280.719
2010-02-09,280.719
2010-02-10,286.64
2010-02-10,286.64
2010-02-12,289.999
2010-02-12,289.999
2010-02-13,287.529
2010-02-13,287.529
2010-02-14,286.59
2010-02-14,286.59
2010-02-15,288.958
2010-02-15,288.958
2010-02-16,285.384
2010-02-16,285.384
2010-02-17,288.507
2010-02-17,288.507
2010-02-18,283.719
2010-02-18,283.719
2010-02-19,289.117
2010-02-19,289.117
2010-02-20,288.755
2010-02-20,288.755
2010-02-22,285.829
2010-02-22,285.829
2010-02-23,281.584
2010-02-23,281.584
2010-02-25,285.471
2010-02-25,285.471
2010-02-26,289.42
2010-02-26,289.42
2010-02-28,282.019
2010-02-28,282.019
2010-03-01,286.331
2010-03-01,286.331
2010-03-02,286.662
2010-03-02,286.662
2010-03-03,289.08
2010-03-03,289.08
2010-03-04,284.357
2010-03-04,284.357
2010-03-05,275.279
2010-03-05,275.279
2010-03-06,287.391
2010-03-06,287.391
2010-03-07,288.98
2010-03-07,288.98
2010-03-08,290.128
2010-03-08,290.128
2010-03-09,289.175
2010-03-09,289.175
2010-03-10,288.377
2010-03-10,288.377
2010-03-11,287.788
2010-03-11,287.788
2010-03-12,289.294
2010-03-12,289.294
2010-03-13,288.021
2010-03-13,288.021
2010-03-14,286.436
2010-03-14,286.436
2010-03-15,277.958
2010-03-15,277.958
2010-03-16,278.396
2010-03-16,278.396
2010-03-17,289.161
2010-03-17,289.161
2010-03-18,289.592
2010-03-18,289.592
2010-03-19,289.315
2010-03-19,289.315
2010-03-20,286.806
2010-03-20,286.806
2010-03-21,285.115
2010-03-21,285.115
2010-03-22,289.535
2010-03-22,289.535
2010-03-23,285.413
2010-03-23,285.413
2010-03-24,272.421
2010-03-24,272.421
2010-03-25,286.15
2010-03-25,286.15
2010-03-26,286.871
2010-03-26,286.871
2010-03-27,290.622
2010-03-27,290.622
2010-03-28,287.197
2010-03-28,287.197
2010-03-29,286.909
2010-03-29,286.909
2010-03-30,286.102
2010-03-30,286.102
2010-03-31,285.947
2010-03-31,285.947
2010-04-01,286.867
2010-04-01,286.867
2010-04-02,287.391
2010-04-02,287.391
2010-04-03,286.862
2010-04-03,286.862
2010-04-04,286.631
2010-04-04,286.631
2010-04-05,287.2
2010-04-05,287.2
2010-04-06,289.976
2010-04-06,289.976
2010-04-07,284.334
2010-04-07,284.334
2010-04-08,286.891
2010-04-08,286.891
2010-04-09,285.376
2010-04-09,285.376
2010-04-10,287.515
2010-04-10,287.515
2010-04-11,287.27
2010-04-11,287.27
2010-04-12,285.109
2010-04-12,285.109
2010-04-13,283.751
2010-04-13,283.751
2010-04-14,284.236
2010-04-14,284.236
2010-04-15,285.448
2010-04-15,285.448
2010-04-16,284.534
2010-04-16,284.534
2010-04-17,283.594
2010-04-17,283.594
2010-04-18,283.52
2010-04-18,283.52
2010-04-20,283.036
2010-04-20,283.036
2010-04-21,287.214
2010-04-21,287.214
2010-04-22,286.704
2010-04-22,286.704
2010-04-23,285.939
2010-04-23,285.939
2010-04-24,284.608
2010-04-24,284.608
2010-04-25,284.127
2010-04-25,284.127
2010-04-26,283.865
2010-04-26,283.865
2010-04-27,282.258
2010-04-27,282.258
2010-04-28,277.063
2010-04-28,277.063
2010-04-29,283.235
2010-04-29,283.235
2010-05-01,283.305
2010-05-01,283.305
2010-05-02,283.503
2010-05-02,283.503
2010-05-03,281.503
2010-05-03,281.503
2010-05-04,282.082
2010-05-04,282.082
2010-05-05,283.48
2010-05-05,283.48
2010-05-06,281.739
2010-05-06,281.739
2010-05-07,282.175
2010-05-07,282.175
2010-05-08,281.833
2010-05-08,281.833
2010-05-09,282.823
2010-05-09,282.823
2010-05-10,282.092
2010-05-10,282.092
2010-05-11,280.931
2010-05-11,280.931
2010-05-12,278.194
2010-05-12,278.194
2010-05-13,277.305
2010-05-13,277.305
2010-05-14,284.705
2010-05-14,284.705
2010-05-15,283.207
2010-05-15,283.207
2010-05-17,279.774
2010-05-17,279.774
2010-05-18,278.473
2010-05-18,278.473
2010-05-19,277.503
2010-05-19,277.503
2010-05-20,281.715
2010-05-20,281.715
2010-05-21,281.893
2010-05-21,281.893
2010-05-22,281.822
2010-05-22,281.822
2010-05-23,276.416
2010-05-23,276.416
2010-05-24,272.022
2010-05-24,272.022
2010-05-25,277.001
2010-05-25,277.001
2010-05-26,279.947
2010-05-26,279.947
2010-05-27,281.668
2010-05-27,281.668
2010-05-28,281.507
2010-05-28,281.507
2010-05-29,281.487
2010-05-29,281.487
2010-05-30,277.182
2010-05-30,277.182
2010-05-31,279.938
2010-05-31,279.938
2010-06-01,278.811
2010-06-01,278.811
2010-06-02,280.442
2010-06-02,280.442
2010-06-03,280.229
2010-06-03,280.229
2010-06-04,278.718
2010-06-04,278.718
2010-06-05,279.069
2010-06-05,279.069
2010-06-07,280.476
2010-06-07,280.476
2010-06-08,281.023
2010-06-08,281.023
2010-06-09,279.734
2010-06-09,279.734
2010-06-10,279.209
2010-06-10,279.209
2010-06-11,279.434
2010-06-11,279.434
2010-06-12,281.432
2010-06-12,281.432
2010-06-13,281.442
2010-06-13,281.442
2010-06-14,280.151
2010-06-14,280.151
2010-06-15,279.549
2010-06-15,279.549
2010-06-16,279.656
2010-06-16,279.656
2010-06-17,281.491
2010-06-17,281.491
2010-06-18,280.779
2010-06-18,280.779
2010-06-19,278.996
2010-06-19,278.996
2010-06-20,278.5
2010-06-20,278.5
2010-06-21,278.892
2010-06-21,278.892
2010-06-22,278.427
2010-06-22,278.427
2010-06-23,279.464
2010-06-23,279.464
2010-06-24,277.462
2010-06-24,277.462
2010-06-25,280.327
2010-06-25,280.327
2010-06-26,280.141
2010-06-26,280.141
2010-06-27,279.856
2010-06-27,279.856
2010-06-28,279.849
2010-06-28,279.849
2010-06-29,277.642
2010-06-29,277.642
2010-06-30,276.519
2010-06-30,276.519
2010-07-01,278.739
2010-07-01,278.739
2010-07-02,280.651
2010-07-02,280.651
2010-07-03,280.163
2010-07-03,280.163
2010-07-04,279.532
2010-07-04,279.532
2010-07-05,279.508
2010-07-05,279.508
2010-07-06,281.393
2010-07-06,281.393
2010-07-07,279.345
2010-07-07,279.345
2010-07-08,278.428
2010-07-08,278.428
2010-07-09,277.097
2010-07-09,277.097
2010-07-10,278.229
2010-07-10,278.229
2010-07-11,278.471
2010-07-11,278.471
2010-07-12,277.12
2010-07-12,277.12
2010-07-13,277.588
2010-07-13,277.588
2010-07-14,275.821
2010-07-14,275.821
2010-07-15,276.84
2010-07-15,276.84
2010-07-16,275.015
2010-07-16,275.015
2010-07-18,274.215
2010-07-18,274.215
2010-07-19,271.41
2010-07-19,271.41
2010-07-20,275.5
2010-07-20,275.5
2010-07-21,277.932
2010-07-21,277.932
2010-07-22,276.987
2010-07-22,276.987
2010-07-23,276.725
2010-07-23,276.725
2010-07-24,278.004
2010-07-24,278.004
2010-07-25,275.762
2010-07-25,275.762
2010-07-26,279.441
2010-07-26,279.441
2010-07-27,279.39
2010-07-27,279.39
2010-07-28,278.605
2010-07-28,278.605
2010-07-29,278.961
2010-07-29,278.961
2010-07-30,279.189
2010-07-30,279.189
2010-07-31,279.78
2010-07-31,279.78
2010-08-01,276.558
2010-08-01,276.558
2010-08-02,275.435
2010-08-02,275.435
2010-08-03,277.524
2010-08-03,277.524
2010-08-05,279.384
2010-08-05,279.384
2010-08-06,280.132
2010-08-06,280.132
2010-08-07,279.75
2010-08-07,279.75
2010-08-08,279.625
2010-08-08,279.625
2010-08-09,282.017
2010-08-09,282.017
2010-08-10,281.52
2010-08-10,281.52
2010-08-11,280.005
2010-08-11,280.005
2010-08-13,276.161
2010-08-13,276.161
2010-08-14,281.961
2010-08-14,281.961
2010-08-15,281.654
2010-08-15,281.654
2010-08-16,280.357
2010-08-16,280.357
2010-08-17,280.325
2010-08-17,280.325
2010-08-18,279.022
2010-08-18,279.022
2010-08-19,283.694
2010-08-19,283.694
2010-08-20,282.862
2010-08-20,282.862
2010-08-21,281.092
2010-08-21,281.092
2010-08-22,280.746
2010-08-22,280.746
2010-08-23,279.679
2010-08-23,279.679
2010-08-24,283.603
2010-08-24,283.603
2010-08-25,283.308
2010-08-25,283.308
2010-08-26,282.3
2010-08-26,282.3
2010-08-27,281.318
2010-08-27,281.318
2010-08-28,281.423
2010-08-28,281.423
2010-08-29,282.893
2010-08-29,282.893
2010-08-30,284.622
2010-08-30,284.622
2010-08-31,280.204
2010-08-31,280.204
2010-09-03,281.736
2010-09-03,281.736
2010-09-04,283.329
2010-09-04,283.329
2010-09-05,281.806
2010-09-05,281.806
2010-09-06,279.864
2010-09-06,279.864
2010-09-07,284.441
2010-09-07,284.441
2010-09-08,286.142
2010-09-08,286.142
2010-09-09,285.237
2010-09-09,285.237
2010-09-10,285.069
2010-09-10,285.069
2010-09-12,284.072
2010-09-12,284.072
2010-09-13,282.12
2010-09-13,282.12
2010-09-14,282.698
2010-09-14,282.698
2010-09-15,285.136
2010-09-15,285.136
2010-09-16,285.277
2010-09-16,285.277
2010-09-17,284.421
2010-09-17,284.421
2010-09-19,285.489
2010-09-19,285.489
2010-09-20,284.926
2010-09-20,284.926
2010-09-21,285.243
2010-09-21,285.243
2010-09-23,283.983
2010-09-23,283.983
2010-09-25,285.275
2010-09-25,285.275
2010-09-26,285.043
2010-09-26,285.043
2010-09-28,284.74
2010-09-28,284.74
2010-09-30,285.75
2010-09-30,285.75
2010-10-05,285.92
2010-10-05,285.92
2010-10-06,284.956
2010-10-06,284.956
2010-10-07,285.425
2010-10-07,285.425
2010-10-09,285.526
2010-10-09,285.526
2010-10-14,286.6
2010-10-14,286.6
2010-10-15,288.086
2010-10-15,288.086
2010-11-11,291.595
2010-11-11,291.595
2010-11-12,291.874
2010-11-12,291.874
2010-11-13,290.696
2010-11-13,290.696
2010-11-26,296.17
2010-11-26,296.17
2010-12-05,295.674
2010-12-05,295.674
2010-12-06,290.905
2010-12-06,290.905
2010-12-07,285.92
2010-12-07,285.92
2010-12-10,293.679
2010-12-10,293.679
2010-12-11,290.311
2010-12-11,290.311
2010-12-15,291.516
2010-12-15,291.516
2010-12-16,293.407
2010-12-16,293.407
2010-12-20,292.98
2010-12-20,292.98
2010-12-22,291.58
2010-12-22,291.58
2010-12-26,292.585
2010-12-26,292.585
2010-12-27,294.374
2010-12-27,294.374
2010-12-28,288.952
2010-12-28,288.952
2010-12-29,290.201
2010-12-29,290.201
2010-12-30,285.316
2010-12-30,285.316
2010-12-31,288.834
2010-12-31,288.834
2011-01-01,289.561
2011-01-01,289.561
2011-01-04,290.779
2011-01-04,290.779
2011-01-05,290.924
2011-01-05,290.924
2011-01-07,294.66
2011-01-07,294.66
2011-01-09,284.435
2011-01-09,284.435
2011-01-10,283.723
2011-01-10,283.723
2011-01-12,291.19
2011-01-12,291.19
2011-01-13,284.638
2011-01-13,284.638
2011-01-14,283.33
2011-01-14,283.33
2011-01-27,291.312
2011-01-27,291.312
2011-01-28,290.76
2011-01-28,290.76
2011-01-29,285.29
2011-01-29,285.29
2011-01-31,293.087
2011-01-31,293.087
2011-02-01,283.487
2011-02-01,283.487
2011-02-02,285.263
2011-02-02,285.263
2011-02-07,286.577
2011-02-07,286.577
2011-02-10,288.619
2011-02-10,288.619
2011-02-11,285.747
2011-02-11,285.747
2011-02-12,286.136
2011-02-12,286.136
2011-02-13,284.64
2011-02-13,284.64
2011-02-14,284.39
2011-02-14,284.39
2011-02-15,285.17
2011-02-15,285.17
2011-02-16,288.607
2011-02-16,288.607
2011-02-17,284.372
2011-02-17,284.372
2011-02-18,282.372
2011-02-18,282.372
2011-02-19,287.175
2011-02-19,287.175
2011-02-20,283.188
2011-02-20,283.188
2011-02-21,282.702
2011-02-21,282.702
2011-02-22,287.804
2011-02-22,287.804
2011-02-24,287.332
2011-02-24,287.332
2011-02-25,287.425
2011-02-25,287.425
2011-02-26,285.574
2011-02-26,285.574
2011-02-27,288.445
2011-02-27,288.445
2011-03-01,289.951
2011-03-01,289.951
2011-03-02,288.115
2011-03-02,288.115
2011-03-03,286.876
2011-03-03,286.876
2011-03-04,286.036
2011-03-04,286.036
2011-03-05,287.407
2011-03-05,287.407
2011-03-06,288.602
2011-03-06,288.602
2011-03-07,287.589
2011-03-07,287.589
2011-03-08,285.894
2011-03-08,285.894
2011-03-09,287.244
2011-03-09,287.244
2011-03-10,286.079
2011-03-10,286.079
2011-03-11,287.827
2011-03-11,287.827
2011-03-12,285.407
2011-03-12,285.407
2011-03-13,286.558
2011-03-13,286.558
2011-03-14,284.012
2011-03-14,284.012
2011-03-15,288.107
2011-03-15,288.107
2011-03-16,288.689
2011-03-16,288.689
2011-03-17,287.182
2011-03-17,287.182
2011-03-18,284.714
2011-03-18,284.714
2011-03-19,281.726
2011-03-19,281.726
2011-03-20,286.673
2011-03-20,286.673
2011-03-21,287.266
2011-03-21,287.266
2011-03-22,286.991
2011-03-22,286.991
2011-03-23,287.744
2011-03-23,287.744
2011-03-24,288.011
2011-03-24,288.011
2011-03-25,287.557
2011-03-25,287.557
2011-03-26,287.659
2011-03-26,287.659
2011-03-27,279.382
2011-03-27,279.382
2011-03-28,286.501
2011-03-28,286.501
2011-03-29,276.405
2011-03-29,276.405
2011-03-30,287.039
2011-03-30,287.039
2011-03-31,287.913
2011-03-31,287.913
2011-04-01,286.817
2011-04-01,286.817
2011-04-02,284.47
2011-04-02,284.47
2011-04-03,280.605
2011-04-03,280.605
2011-04-04,286.795
2011-04-04,286.795
2011-04-05,285.175
2011-04-05,285.175
2011-04-06,285.8
2011-04-06,285.8
2011-04-07,285.78
2011-04-07,285.78
2011-04-08,287.962
2011-04-08,287.962
2011-04-09,285.16
2011-04-09,285.16
2011-04-10,284.868
2011-04-10,284.868
2011-04-11,285.358
2011-04-11,285.358
2011-04-12,285.18
2011-04-12,285.18
2011-04-13,286.462
2011-04-13,286.462
2011-04-14,285.034
2011-04-14,285.034
2011-04-15,285.276
2011-04-15,285.276
2011-04-16,285.137
2011-04-16,285.137
2011-04-17,285.477
2011-04-17,285.477
2011-04-18,287.341
2011-04-18,287.341
2011-04-19,286.3
2011-04-19,286.3
2011-04-20,284.265
2011-04-20,284.265
2011-04-21,284.354
2011-04-21,284.354
2011-04-22,285.741
2011-04-22,285.741
2011-04-23,286.188
2011-04-23,286.188
2011-04-24,283.189
2011-04-24,283.189
2011-04-25,284.365
2011-04-25,284.365
2011-04-26,284.328
2011-04-26,284.328
2011-04-27,285.973
2011-04-27,285.973
2011-04-28,284.782
2011-04-28,284.782
2011-04-29,283.328
2011-04-29,283.328
2011-04-30,281.696
2011-04-30,281.696
2011-05-01,277.943
2011-05-01,277.943
2011-05-02,280.93
2011-05-02,280.93
2011-05-03,282.941
2011-05-03,282.941
2011-05-04,281.996
2011-05-04,281.996
2011-05-05,283.01
2011-05-05,283.01
2011-05-06,282.981
2011-05-06,282.981
2011-05-07,285.048
2011-05-07,285.048
2011-05-08,284.502
2011-05-08,284.502
2011-05-09,283.666
2011-05-09,283.666
2011-05-10,280.659
2011-05-10,280.659
2011-05-11,279.505
2011-05-11,279.505
2011-05-12,280.729
2011-05-12,280.729
2011-05-13,281.773
2011-05-13,281.773
2011-05-14,281.774
2011-05-14,281.774
2011-05-15,281.574
2011-05-15,281.574
2011-05-16,281.336
2011-05-16,281.336
2011-05-17,281.601
2011-05-17,281.601
2011-05-18,280.218
2011-05-18,280.218
2011-05-19,280.258
2011-05-19,280.258
2011-05-20,279.287
2011-05-20,279.287
2011-05-21,280.959
2011-05-21,280.959
2011-05-22,281.57
2011-05-22,281.57
2011-05-23,281.52
2011-05-23,281.52
2011-05-24,282.178
2011-05-24,282.178
2011-05-26,283.563
2011-05-26,283.563
2011-05-27,283.13
2011-05-27,283.13
2011-05-28,281.776
2011-05-28,281.776
2011-05-29,282.163
2011-05-29,282.163
2011-05-30,282.022
2011-05-30,282.022
2011-05-31,282.339
2011-05-31,282.339
2011-06-01,278.029
2011-06-01,278.029
2011-06-02,280.064
2011-06-02,280.064
2011-06-03,277.808
2011-06-03,277.808
2011-06-04,280.511
2011-06-04,280.511
2011-06-05,282.365
2011-06-05,282.365
2011-06-06,276.985
2011-06-06,276.985
2011-06-07,278.755
2011-06-07,278.755
2011-06-08,278.443
2011-06-08,278.443
2011-06-09,279.006
2011-06-09,279.006
2011-06-10,279.643
2011-06-10,279.643
2011-06-11,279.246
2011-06-11,279.246
2011-06-12,279.201
2011-06-12,279.201
2011-06-13,279.466
2011-06-13,279.466
2011-06-14,280.107
2011-06-14,280.107
2011-06-15,280.934
2011-06-15,280.934
2011-06-16,279.533
2011-06-16,279.533
2011-06-17,278.981
2011-06-17,278.981
2011-06-18,280.875
2011-06-18,280.875
2011-06-19,280.508
2011-06-19,280.508
2011-06-20,280.952
2011-06-20,280.952
2011-06-21,279.892
2011-06-21,279.892
2011-06-22,280.43
2011-06-22,280.43
2011-06-23,280.976
2011-06-23,280.976
2011-06-24,281.794
2011-06-24,281.794
2011-06-25,280.602
2011-06-25,280.602
2011-06-26,279.727
2011-06-26,279.727
2011-06-27,279.518
2011-06-27,279.518
2011-06-28,279.304
2011-06-28,279.304
2011-06-29,279.029
2011-06-29,279.029
2011-06-30,277.494
2011-06-30,277.494
2011-07-01,273.422
2011-07-01,273.422
2011-07-02,271.607
2011-07-02,271.607
2011-07-05,274.068
2011-07-05,274.068
2011-07-06,280.398
2011-07-06,280.398
2011-07-07,275.676
2011-07-07,275.676
2011-07-08,278.859
2011-07-08,278.859
2011-07-09,280.683
2011-07-09,280.683
2011-07-10,278.029
2011-07-10,278.029
2011-07-11,278.018
2011-07-11,278.018
2011-07-12,277.687
2011-07-12,277.687
2011-07-13,279.328
2011-07-13,279.328
2011-07-14,280.797
2011-07-14,280.797
2011-07-15,279.145
2011-07-15,279.145
2011-07-16,278.252
2011-07-16,278.252
2011-07-17,278.61
2011-07-17,278.61
2011-07-18,279.178
2011-07-18,279.178
2011-07-19,278.782
2011-07-19,278.782
2011-07-20,279.917
2011-07-20,279.917
2011-07-21,276.605
2011-07-21,276.605
2011-07-22,278.464
2011-07-22,278.464
2011-07-23,280.546
2011-07-23,280.546
2011-07-24,280.727
2011-07-24,280.727
2011-07-25,280.554
2011-07-25,280.554
2011-07-26,279.698
2011-07-26,279.698
2011-07-27,280.344
2011-07-27,280.344
2011-07-28,279.92
2011-07-28,279.92
2011-07-29,277.386
2011-07-29,277.386
2011-07-30,273.562
2011-07-30,273.562
2011-07-31,272.974
2011-07-31,272.974
2011-08-01,273.087
2011-08-01,273.087
2011-08-02,277.719
2011-08-02,277.719
2011-08-03,277.655
2011-08-03,277.655
2011-08-04,278.581
2011-08-04,278.581
2011-08-05,278.993
2011-08-05,278.993
2011-08-06,278.565
2011-08-06,278.565
2011-08-07,282.246
2011-08-07,282.246
2011-08-08,280.907
2011-08-08,280.907
2011-08-09,278.411
2011-08-09,278.411
2011-08-10,281.661
2011-08-10,281.661
2011-08-11,281.727
2011-08-11,281.727
2011-08-12,283.246
2011-08-12,283.246
2011-08-13,278.27
2011-08-13,278.27
2011-08-14,281.875
2011-08-14,281.875
2011-08-15,280.922
2011-08-15,280.922
2011-08-16,281.473
2011-08-16,281.473
2011-08-17,282.003
2011-08-17,282.003
2011-08-18,281.167
2011-08-18,281.167
2011-08-19,280.415
2011-08-19,280.415
2011-08-20,280.648
2011-08-20,280.648
2011-08-21,278.507
2011-08-21,278.507
2011-08-22,278.379
2011-08-22,278.379
2011-08-23,279.508
2011-08-23,279.508
2011-08-24,280.311
2011-08-24,280.311
2011-08-26,280.915
2011-08-26,280.915
2011-08-27,275.756
2011-08-27,275.756
2011-08-28,281.278
2011-08-28,281.278
2011-08-29,280.698
2011-08-29,280.698
2011-08-30,281.952
2011-08-30,281.952
2011-08-31,285.6
2011-08-31,285.6
2011-09-01,285.024
2011-09-01,285.024
2011-09-02,284.304
2011-09-02,284.304
2011-09-03,283.279
2011-09-03,283.279
2011-09-04,283.13
2011-09-04,283.13
2011-09-05,285.198
2011-09-05,285.198
2011-09-06,283.878
2011-09-06,283.878
2011-09-07,281.448
2011-09-07,281.448
2011-09-08,279.922
2011-09-08,279.922
2011-09-09,274.78
2011-09-09,274.78
2011-09-10,282.19
2011-09-10,282.19
2011-09-11,283.196
2011-09-11,283.196
2011-09-12,283.732
2011-09-12,283.732
2011-09-13,283.944
2011-09-13,283.944
2011-09-14,284.981
2011-09-14,284.981
2011-09-15,285.71
2011-09-15,285.71
2011-09-16,283.636
2011-09-16,283.636
2011-09-17,283.101
2011-09-17,283.101
2011-09-18,280.712
2011-09-18,280.712
2011-09-19,285.376
2011-09-19,285.376
2011-09-20,284.742
2011-09-20,284.742
2011-09-21,283.927
2011-09-21,283.927
2011-09-22,283.958
2011-09-22,283.958
2011-09-23,279.471
2011-09-23,279.471
2011-09-24,284.77
2011-09-24,284.77
2011-09-25,286.432
2011-09-25,286.432
2011-09-26,286.709
2011-09-26,286.709
2011-09-27,285.523
2011-09-27,285.523
2011-09-28,286.162
2011-09-28,286.162
2011-09-29,289.47
2011-09-29,289.47
2011-09-30,286.725
2011-09-30,286.725
2011-10-01,284.623
2011-10-01,284.623
2011-10-02,283.246
2011-10-02,283.246
2011-10-03,284.96
2011-10-03,284.96
2011-10-04,287.824
2011-10-04,287.824
2011-10-05,285.413
2011-10-05,285.413
2011-10-06,286.343
2011-10-06,286.343
2011-10-07,284.422
2011-10-07,284.422
2011-10-08,285.13
2011-10-08,285.13
2011-10-09,285.96
2011-10-09,285.96
2011-10-10,284.334
2011-10-10,284.334
2011-10-11,284.283
2011-10-11,284.283
2011-10-12,272.788
2011-10-12,272.788
2011-10-15,275.883
2011-10-15,275.883
2011-10-16,271.863
2011-10-16,271.863
2011-10-17,278.28
2011-10-17,278.28
2011-10-18,283.764
2011-10-18,283.764
2011-10-19,285.16
2011-10-19,285.16
2011-10-20,285.031
2011-10-20,285.031
2011-10-21,285.026
2011-10-21,285.026
2011-10-22,285.011
2011-10-22,285.011
2011-10-24,287.087
2011-10-24,287.087
2011-10-25,285.089
2011-10-25,285.089
2011-10-26,279.362
2011-10-26,279.362
2011-10-27,282.793
2011-10-27,282.793
2011-10-28,288.547
2011-10-28,288.547
2011-10-29,289.545
2011-10-29,289.545
2011-10-30,284.076
2011-10-30,284.076
2011-10-31,288.794
2011-10-31,288.794
2011-11-01,287.219
2011-11-01,287.219
2011-11-02,290.247
2011-11-02,290.247
2011-11-03,290.443
2011-11-03,290.443
2011-11-04,289.24
2011-11-04,289.24
2011-11-05,288.806
2011-11-05,288.806
2011-11-06,288.273
2011-11-06,288.273
2011-11-07,292.662
2011-11-07,292.662
2011-11-08,291.191
2011-11-08,291.191
2011-11-09,290.765
2011-11-09,290.765
2011-11-10,288.755
2011-11-10,288.755
2011-11-12,292.35
2011-11-12,292.35
2011-11-13,290.019
2011-11-13,290.019
2011-11-14,287.854
2011-11-14,287.854
2011-11-15,290.735
2011-11-15,290.735
2011-11-16,291.306
2011-11-16,291.306
2011-11-17,289.481
2011-11-17,289.481
2011-11-18,287.451
2011-11-18,287.451
2011-11-19,290.737
2011-11-19,290.737
2011-11-20,291.7
2011-11-20,291.7
2011-11-21,289.667
2011-11-21,289.667
2011-11-23,283.09
2011-11-23,283.09
2011-11-24,289.441
2011-11-24,289.441
2011-11-25,287.88
2011-11-25,287.88
2011-11-26,296.766
2011-11-26,296.766
2011-11-27,292.4
2011-11-27,292.4
2011-11-28,293.837
2011-11-28,293.837
2011-11-29,290.516
2011-11-29,290.516
2011-12-01,296.47
2011-12-01,296.47
2011-12-02,297.133
2011-12-02,297.133
2011-12-03,291.77
2011-12-03,291.77
2011-12-04,289.281
2011-12-04,289.281
2011-12-05,290.619
2011-12-05,290.619
2011-12-06,295.853
2011-12-06,295.853
2011-12-07,292.882
2011-12-07,292.882
2011-12-10,290.415
2011-12-10,290.415
2011-12-11,292.814
2011-12-11,292.814
2011-12-13,286.637
2011-12-13,286.637
2011-12-15,288.935
2011-12-15,288.935
2011-12-16,290.479
2011-12-16,290.479
2011-12-17,288.869
2011-12-17,288.869
2011-12-18,282.008
2011-12-18,282.008
2011-12-19,289.332
2011-12-19,289.332
2011-12-21,294.354
2011-12-21,294.354
2011-12-22,292.773
2011-12-22,292.773
2011-12-23,278.775
2011-12-23,278.775
2011-12-24,288.091
2011-12-24,288.091
2011-12-26,289.204
2011-12-26,289.204
2011-12-27,291.898
2011-12-27,291.898
2011-12-28,287.692
2011-12-28,287.692
2012-01-01,288.709
2012-01-01,288.709
2012-01-02,286.96
2012-01-02,286.96
2012-01-03,293.63
2012-01-03,293.63
2012-01-04,292.447
2012-01-04,292.447
2012-01-05,288.326
2012-01-05,288.326
2012-01-06,286.563
2012-01-06,286.563
2012-01-07,287.288
2012-01-07,287.288
2012-01-08,288.822
2012-01-08,288.822
2012-01-09,290.227
2012-01-09,290.227
2012-01-10,288.273
2012-01-10,288.273
2012-01-11,288.723
2012-01-11,288.723
2012-01-12,288.632
2012-01-12,288.632
2012-01-13,287.591
2012-01-13,287.591
2012-01-14,289.583
2012-01-14,289.583
2012-01-15,287.655
2012-01-15,287.655
2012-01-16,287.154
2012-01-16,287.154
2012-01-17,288.231
2012-01-17,288.231
2012-01-18,289.343
2012-01-18,289.343
2012-01-19,289.724
2012-01-19,289.724
2012-01-20,288.216
2012-01-20,288.216
2012-01-21,287.585
2012-01-21,287.585
2012-01-22,287.799
2012-01-22,287.799
2012-01-26,286.966
2012-01-26,286.966
2012-01-27,286.863
2012-01-27,286.863
2012-01-28,290.683
2012-01-28,290.683
2012-01-30,281.601
2012-01-30,281.601
2012-02-02,290.343
2012-02-02,290.343
2012-02-03,288.992
2012-02-03,288.992
2012-02-04,284.899
2012-02-04,284.899
2012-02-05,284.868
2012-02-05,284.868
2012-02-06,287.317
2012-02-06,287.317
2012-02-07,281.067
2012-02-07,281.067
2012-02-08,285.943
2012-02-08,285.943
2012-02-09,277.826
2012-02-09,277.826
2012-02-11,288.837
2012-02-11,288.837
2012-02-12,274.42
2012-02-12,274.42
2012-02-13,287.802
2012-02-13,287.802
2012-02-14,284.786
2012-02-14,284.786
2012-02-18,283.808
2012-02-18,283.808
2012-02-19,283.375
2012-02-19,283.375
2012-02-21,286.348
2012-02-21,286.348
2012-02-22,287.489
2012-02-22,287.489
2012-02-23,287.272
2012-02-23,287.272
2012-02-24,284.212
2012-02-24,284.212
2012-02-25,284.119
2012-02-25,284.119
2012-02-26,288.618
2012-02-26,288.618
2012-02-27,283.527
2012-02-27,283.527
2012-02-28,287.698
2012-02-28,287.698
2012-02-29,286.967
2012-02-29,286.967
2012-03-02,285.638
2012-03-02,285.638
2012-03-03,286.845
2012-03-03,286.845
2012-03-04,286.135
2012-03-04,286.135
2012-03-05,287.418
2012-03-05,287.418
2012-03-07,287.101
2012-03-07,287.101
2012-03-08,286.043
2012-03-08,286.043
2012-03-09,284.633
2012-03-09,284.633
2012-03-10,286.281
2012-03-10,286.281
2012-03-11,282.239
2012-03-11,282.239
2012-03-12,287.201
2012-03-12,287.201
2012-03-13,285.199
2012-03-13,285.199
2012-03-15,285.386
2012-03-15,285.386
2012-03-16,287.259
2012-03-16,287.259
2012-03-17,288.234
2012-03-17,288.234
2012-03-18,288.624
2012-03-18,288.624
2012-03-19,288.211
2012-03-19,288.211
2012-03-20,287.236
2012-03-20,287.236
2012-03-21,288.966
2012-03-21,288.966
2012-03-22,288.6
2012-03-22,288.6
2012-03-23,272.919
2012-03-23,272.919
2012-03-24,280.366
2012-03-24,280.366
2012-03-25,287.393
2012-03-25,287.393
2012-03-26,286.679
2012-03-26,286.679
2012-03-27,284.183
2012-03-27,284.183
2012-03-28,285.894
2012-03-28,285.894
2012-03-29,281.687
2012-03-29,281.687
2012-03-30,282.124
2012-03-30,282.124
2012-03-31,286.798
2012-03-31,286.798
2012-04-01,287.052
2012-04-01,287.052
2012-04-02,286.648
2012-04-02,286.648
2012-04-03,286.322
2012-04-03,286.322
2012-04-04,280.941
2012-04-04,280.941
2012-04-05,286.067
2012-04-05,286.067
2012-04-06,286.667
2012-04-06,286.667
2012-04-07,274.084
2012-04-07,274.084
2012-04-08,286.435
2012-04-08,286.435
2012-04-09,283.184
2012-04-09,283.184
2012-04-10,286.298
2012-04-10,286.298
2012-04-11,284.633
2012-04-11,284.633
2012-04-12,286.096
2012-04-12,286.096
2012-04-13,286.385
2012-04-13,286.385
2012-04-14,285.171
2012-04-14,285.171
2012-04-16,285.578
2012-04-16,285.578
2012-04-17,284.587
2012-04-17,284.587
2012-04-18,280.43
2012-04-18,280.43
2012-04-19,286.576
2012-04-19,286.576
2012-04-20,285.875
2012-04-20,285.875
2012-04-21,282.841
2012-04-21,282.841
2012-04-22,285.977
2012-04-22,285.977
2012-04-23,281.983
2012-04-23,281.983
2012-04-24,285.825
2012-04-24,285.825
2012-04-25,283.361
2012-04-25,283.361
2012-04-26,283.029
2012-04-26,283.029
2012-04-27,277.172
2012-04-27,277.172
2012-04-28,282.388
2012-04-28,282.388
2012-04-29,283.129
2012-04-29,283.129
2012-04-30,282.339
2012-04-30,282.339
2012-05-01,281.39
2012-05-01,281.39
2012-05-02,280.963
2012-05-02,280.963
2012-05-03,284.057
2012-05-03,284.057
2012-05-04,284.975
2012-05-04,284.975
2012-05-05,284.521
2012-05-05,284.521
2012-05-06,284.336
2012-05-06,284.336
2012-05-07,284.449
2012-05-07,284.449
2012-05-08,285.091
2012-05-08,285.091
2012-05-09,284.546
2012-05-09,284.546
2012-05-10,282.827
2012-05-10,282.827
2012-05-11,282.58
2012-05-11,282.58
2012-05-12,282.53
2012-05-12,282.53
2012-05-13,280.955
2012-05-13,280.955
2012-05-14,279.829
2012-05-14,279.829
2012-05-15,280.96
2012-05-15,280.96
2012-05-16,280.247
2012-05-16,280.247
2012-05-17,281.516
2012-05-17,281.516
2012-05-18,281.906
2012-05-18,281.906
2012-05-19,281.237
2012-05-19,281.237
2012-05-20,273.631
2012-05-20,273.631
2012-05-21,279.535
2012-05-21,279.535
2012-05-22,281.04
2012-05-22,281.04
2012-05-23,281.419
2012-05-23,281.419
2012-05-24,280.902
2012-05-24,280.902
2012-05-25,272.534
2012-05-25,272.534
2012-05-26,280.189
2012-05-26,280.189
2012-05-27,280.033
2012-05-27,280.033
2012-05-28,281.41
2012-05-28,281.41
2012-05-29,281.093
2012-05-29,281.093
2012-05-30,280.986
2012-05-30,280.986
2012-05-31,281.295
2012-05-31,281.295
2012-06-01,281.798
2012-06-01,281.798
2012-06-02,281.893
2012-06-02,281.893
2012-06-03,281.504
2012-06-03,281.504
2012-06-04,280.815
2012-06-04,280.815
2012-06-05,280.255
2012-06-05,280.255
2012-06-06,280.698
2012-06-06,280.698
2012-06-07,280.759
2012-06-07,280.759
2012-06-08,280.376
2012-06-08,280.376
2012-06-09,280.484
2012-06-09,280.484
2012-06-10,280.161
2012-06-10,280.161
2012-06-11,281.123
2012-06-11,281.123
2012-06-12,281.317
2012-06-12,281.317
2012-06-13,276.79
2012-06-13,276.79
2012-06-14,276.144
2012-06-14,276.144
2012-06-16,279.355
2012-06-16,279.355
2012-06-17,280.531
2012-06-17,280.531
2012-06-18,277.478
2012-06-18,277.478
2012-06-19,279.172
2012-06-19,279.172
2012-06-20,279.017
2012-06-20,279.017
2012-06-21,276.912
2012-06-21,276.912
2012-06-22,279.059
2012-06-22,279.059
2012-06-23,278.523
2012-06-23,278.523
2012-06-24,279.462
2012-06-24,279.462
2012-06-25,279.503
2012-06-25,279.503
2012-06-26,279.472
2012-06-26,279.472
2012-06-27,279.155
2012-06-27,279.155
2012-06-28,278.821
2012-06-28,278.821
2012-06-29,279.085
2012-06-29,279.085
2012-06-30,279.921
2012-06-30,279.921
2012-07-01,280.204
2012-07-01,280.204
2012-07-02,277.891
2012-07-02,277.891
2012-07-03,279.76
2012-07-03,279.76
2012-07-04,280.256
2012-07-04,280.256
2012-07-05,280.181
2012-07-05,280.181
2012-07-06,276.605
2012-07-06,276.605
2012-07-07,278.134
2012-07-07,278.134
2012-07-08,278.98
2012-07-08,278.98
2012-07-09,280.535
2012-07-09,280.535
2012-07-10,281.975
2012-07-10,281.975
2012-07-11,281.107
2012-07-11,281.107
2012-07-12,272.339
2012-07-12,272.339
2012-07-13,280.195
2012-07-13,280.195
2012-07-14,278.514
2012-07-14,278.514
2012-07-15,281.735
2012-07-15,281.735
2012-07-16,280.11
2012-07-16,280.11
2012-07-17,279.213
2012-07-17,279.213
2012-07-18,278.986
2012-07-18,278.986
2012-07-19,279.49
2012-07-19,279.49
2012-07-20,279.885
2012-07-20,279.885
2012-07-21,279.624
2012-07-21,279.624
2012-07-22,279.699
2012-07-22,279.699
2012-07-23,279.906
2012-07-23,279.906
2012-07-24,280.654
2012-07-24,280.654
2012-07-25,281.067
2012-07-25,281.067
2012-07-26,280.329
2012-07-26,280.329
2012-07-27,280.171
2012-07-27,280.171
2012-07-28,280.556
2012-07-28,280.556
2012-07-29,280.063
2012-07-29,280.063
2012-07-30,281.399
2012-07-30,281.399
2012-07-31,281.405
2012-07-31,281.405
2012-08-01,281.211
2012-08-01,281.211
2012-08-02,281.687
2012-08-02,281.687
2012-08-03,282.919
2012-08-03,282.919
2012-08-04,282.733
2012-08-04,282.733
2012-08-05,282.47
2012-08-05,282.47
2012-08-06,282.113
2012-08-06,282.113
2012-08-07,282.013
2012-08-07,282.013
2012-08-08,283.409
2012-08-08,283.409
2012-08-09,283.134
2012-08-09,283.134
2012-08-10,282.46
2012-08-10,282.46
2012-08-11,282.073
2012-08-11,282.073
2012-08-12,281.491
2012-08-12,281.491
2012-08-13,282.874
2012-08-13,282.874
2012-08-14,282.414
2012-08-14,282.414
2012-08-15,280.115
2012-08-15,280.115
2012-08-16,280.692
2012-08-16,280.692
2012-08-17,281.08
2012-08-17,281.08
2012-08-18,280.846
2012-08-18,280.846
2012-08-19,279.12
2012-08-19,279.12
2012-08-20,280.189
2012-08-20,280.189
2012-08-21,281.084
2012-08-21,281.084
2012-08-22,281.833
2012-08-22,281.833
2012-08-23,282.994
2012-08-23,282.994
2012-08-24,282.196
2012-08-24,282.196
2012-08-25,283.192
2012-08-25,283.192
2012-08-26,279.67
2012-08-26,279.67
2012-08-27,283.731
2012-08-27,283.731
2012-08-28,283.799
2012-08-28,283.799
2012-08-29,283.852
2012-08-29,283.852
2012-08-30,283.126
2012-08-30,283.126
2012-08-31,282.432
2012-08-31,282.432
2012-09-01,281.611
2012-09-01,281.611
2012-09-02,284.233
2012-09-02,284.233
2012-09-03,283.984
2012-09-03,283.984
2012-09-04,284.154
2012-09-04,284.154
2012-09-05,284.485
2012-09-05,284.485
2012-09-06,285.696
2012-09-06,285.696
2012-09-07,285.217
2012-09-07,285.217
2012-09-08,284.881
2012-09-08,284.881
2012-09-09,285.094
2012-09-09,285.094
2012-09-10,285.579
2012-09-10,285.579
2012-09-11,288.282
2012-09-11,288.282
2012-09-12,287.418
2012-09-12,287.418
2012-09-13,286.035
2012-09-13,286.035
2012-09-14,279.794
2012-09-14,279.794
2012-09-15,284.562
2012-09-15,284.562
2012-09-16,285.322
2012-09-16,285.322
2012-09-17,285.938
2012-09-17,285.938
2012-09-18,284.327
2012-09-18,284.327
2012-09-19,283.364
2012-09-19,283.364
2012-09-20,284.12
2012-09-20,284.12
2012-09-21,283.871
2012-09-21,283.871
2012-09-22,284.542
2012-09-22,284.542
2012-09-23,284.407
2012-09-23,284.407
2012-09-24,274.467
2012-09-24,274.467
2012-09-25,285.544
2012-09-25,285.544
2012-09-26,280.557
2012-09-26,280.557
2012-09-27,280.909
2012-09-27,280.909
2012-09-28,273.004
2012-09-28,273.004
2012-09-29,284.893
2012-09-29,284.893
2012-09-30,282.827
2012-09-30,282.827
2012-10-01,283.527
2012-10-01,283.527
2012-10-02,285.771
2012-10-02,285.771
2012-10-03,285.361
2012-10-03,285.361
2012-10-04,284.736
2012-10-04,284.736
2012-10-05,286.854
2012-10-05,286.854
2012-10-06,286.078
2012-10-06,286.078
2012-10-07,283.966
2012-10-07,283.966
2012-10-08,281.061
2012-10-08,281.061
2012-10-09,283.297
2012-10-09,283.297
2012-10-10,287.086
2012-10-10,287.086
2012-10-11,276.278
2012-10-11,276.278
2012-10-12,285.535
2012-10-12,285.535
2012-10-13,280.476
2012-10-13,280.476
2012-10-14,287.237
2012-10-14,287.237
2012-10-15,287.701
2012-10-15,287.701
2012-10-16,287.235
2012-10-16,287.235
2012-10-17,287.33
2012-10-17,287.33
2012-10-18,278.984
2012-10-18,278.984
2012-10-19,287.226
2012-10-19,287.226
2012-10-20,288.763
2012-10-20,288.763
2012-10-21,287.778
2012-10-21,287.778
2012-10-22,286.638
2012-10-22,286.638
2012-10-23,286.336
2012-10-23,286.336
2012-10-24,285.384
2012-10-24,285.384
2012-10-25,286.352
2012-10-25,286.352
2012-10-26,287.463
2012-10-26,287.463
2012-10-27,283.745
2012-10-27,283.745
2012-10-28,287.323
2012-10-28,287.323
2012-10-29,285.244
2012-10-29,285.244
2012-10-30,288.631
2012-10-30,288.631
2012-10-31,286.165
2012-10-31,286.165
2012-11-01,286.202
2012-11-01,286.202
2012-11-02,281.444
2012-11-02,281.444
2012-11-03,284.754
2012-11-03,284.754
2012-11-04,289.334
2012-11-04,289.334
2012-11-05,283.608
2012-11-05,283.608
2012-11-06,287.958
2012-11-06,287.958
2012-11-07,287.205
2012-11-07,287.205
2012-11-08,288.444
2012-11-08,288.444
2012-11-09,289.176
2012-11-09,289.176
2012-11-10,287.469
2012-11-10,287.469
2012-11-12,288.414
2012-11-12,288.414
2012-11-13,288.242
2012-11-13,288.242
2012-11-14,289.144
2012-11-14,289.144
2012-11-15,287.633
2012-11-15,287.633
2012-11-16,287.136
2012-11-16,287.136
2012-11-17,283.898
2012-11-17,283.898
2012-11-19,288.845
2012-11-19,288.845
2012-11-20,287.935
2012-11-20,287.935
2012-11-21,288.429
2012-11-21,288.429
2012-11-22,288.48
2012-11-22,288.48
2012-11-23,288.124
2012-11-23,288.124
2012-11-24,286.072
2012-11-24,286.072
2012-11-25,274.428
2012-11-25,274.428
2012-11-26,286.406
2012-11-26,286.406
2012-11-27,288.882
2012-11-27,288.882
2012-11-28,288.918
2012-11-28,288.918
2012-11-29,280.404
2012-11-29,280.404
2012-12-01,283.371
2012-12-01,283.371
2012-12-02,285.634
2012-12-02,285.634
2012-12-03,289.902
2012-12-03,289.902
2012-12-04,280.89
2012-12-04,280.89
2012-12-05,281.298
2012-12-05,281.298
2012-12-06,276.701
2012-12-06,276.701
2012-12-07,284.883
2012-12-07,284.883
2012-12-09,289.191
2012-12-09,289.191
2012-12-10,289.637
2012-12-10,289.637
2012-12-11,288.874
2012-12-11,288.874
2012-12-12,287.965
2012-12-12,287.965
2012-12-13,281.866
2012-12-13,281.866
2012-12-14,288.093
2012-12-14,288.093
2012-12-15,289.137
2012-12-15,289.137
2012-12-16,290.018
2012-12-16,290.018
2012-12-17,290.539
2012-12-17,290.539
2012-12-18,288.521
2012-12-18,288.521
2012-12-20,286.813
2012-12-20,286.813
2012-12-21,277.05
2012-12-21,277.05
2012-12-22,286.513
2012-12-22,286.513
2012-12-23,287.878
2012-12-23,287.878
2012-12-24,283.562
2012-12-24,283.562
2012-12-25,283.16
2012-12-25,283.16
2012-12-26,284.195
2012-12-26,284.195
2012-12-27,284.98
2012-12-27,284.98
2012-12-28,285.703
2012-12-28,285.703
2012-12-29,280.412
2012-12-29,280.412
2012-12-30,287.097
2012-12-30,287.097
2012-12-31,287.735
2012-12-31,287.735
2013-01-01,288.265
2013-01-01,288.265
2013-01-02,286.414
2013-01-02,286.414
2013-01-03,288.711
2013-01-03,288.711
2013-01-04,288.99
2013-01-04,288.99
2013-01-05,285.243
2013-01-05,285.243
2013-01-06,287.502
2013-01-06,287.502
2013-01-07,288.342
2013-01-07,288.342
2013-01-08,277.142
2013-01-08,277.142
2013-01-09,288.33
2013-01-09,288.33
2013-01-10,280.784
2013-01-10,280.784
2013-01-11,288.57
2013-01-11,288.57
2013-01-12,288.7
2013-01-12,288.7
2013-01-13,289.179
2013-01-13,289.179
2013-01-14,281.961
2013-01-14,281.961
2013-01-16,287.039
2013-01-16,287.039
2013-01-17,289.076
2013-01-17,289.076
2013-01-18,286.874
2013-01-18,286.874
2013-01-19,283.234
2013-01-19,283.234
2013-01-21,286.878
2013-01-21,286.878
2013-01-22,288.818
2013-01-22,288.818
2013-01-23,287.017
2013-01-23,287.017
2013-01-24,287.939
2013-01-24,287.939
2013-01-25,288.11
2013-01-25,288.11
2013-01-27,288.233
2013-01-27,288.233
2013-01-28,287.476
2013-01-28,287.476
2013-01-29,286.711
2013-01-29,286.711
2013-01-30,279.632
2013-01-30,279.632
2013-01-31,287.951
2013-01-31,287.951
2013-02-01,289.843
2013-02-01,289.843
2013-02-02,284.916
2013-02-02,284.916
2013-02-04,283.866
2013-02-04,283.866
2013-02-05,288.584
2013-02-05,288.584
2013-02-06,288.341
2013-02-06,288.341
2013-02-07,287.59
2013-02-07,287.59
2013-02-08,283.304
2013-02-08,283.304
2013-02-09,284.542
2013-02-09,284.542
2013-02-10,287.403
2013-02-10,287.403
2013-02-11,287.835
2013-02-11,287.835
2013-02-12,288.316
2013-02-12,288.316
2013-02-13,278.157
2013-02-13,278.157
2013-02-14,288.306
2013-02-14,288.306
2013-02-15,287.812
2013-02-15,287.812
2013-02-16,286.931
2013-02-16,286.931
2013-02-17,287.073
2013-02-17,287.073
2013-02-18,284.456
2013-02-18,284.456
2013-02-19,284.895
2013-02-19,284.895
2013-02-21,285.354
2013-02-21,285.354
2013-02-22,288.434
2013-02-22,288.434
2013-02-23,288.745
2013-02-23,288.745
2013-02-24,286.183
2013-02-24,286.183
2013-02-25,285.662
2013-02-25,285.662
2013-02-26,287.66
2013-02-26,287.66
2013-02-27,288.56
2013-02-27,288.56
2013-02-28,289.335
2013-02-28,289.335
2013-03-01,288.381
2013-03-01,288.381
2013-03-02,288.74
2013-03-02,288.74
2013-03-03,281.718
2013-03-03,281.718
2013-03-04,288.043
2013-03-04,288.043
2013-03-05,288.99
2013-03-05,288.99
2013-03-06,288.574
2013-03-06,288.574
2013-03-07,288.568
2013-03-07,288.568
2013-03-08,286.724
2013-03-08,286.724
2013-03-09,288.434
2013-03-09,288.434
2013-03-10,289.035
2013-03-10,289.035
2013-03-11,283.102
2013-03-11,283.102
2013-03-12,286.552
2013-03-12,286.552
2013-03-13,286.926
2013-03-13,286.926
2013-03-15,278.38
2013-03-15,278.38
2013-03-16,287.508
2013-03-16,287.508
2013-03-17,286.347
2013-03-17,286.347
2013-03-18,287.46
2013-03-18,287.46
2013-03-19,286.869
2013-03-19,286.869
2013-03-20,285.575
2013-03-20,285.575
2013-03-21,286.24
2013-03-21,286.24
2013-03-22,285.23
2013-03-22,285.23
2013-03-23,277.94
2013-03-23,277.94
2013-03-24,286.681
2013-03-24,286.681
2013-03-25,284.684
2013-03-25,284.684
2013-03-26,286.25
2013-03-26,286.25
2013-03-27,286.092
2013-03-27,286.092
2013-03-28,287.06
2013-03-28,287.06
2013-03-29,286.229
2013-03-29,286.229
2013-03-30,286.403
2013-03-30,286.403
2013-03-31,285.944
2013-03-31,285.944
2013-04-01,286.42
2013-04-01,286.42
2013-04-02,286.0
2013-04-02,286.0
2013-04-03,286.382
2013-04-03,286.382
2013-04-04,285.917
2013-04-04,285.917
2013-04-05,285.125
2013-04-05,285.125
2013-04-06,285.421
2013-04-06,285.421
2013-04-07,285.558
2013-04-07,285.558
2013-04-08,285.684
2013-04-08,285.684
2013-04-09,274.633
2013-04-09,274.633
2013-04-10,284.316
2013-04-10,284.316
2013-04-11,284.409
2013-04-11,284.409
2013-04-12,283.732
2013-04-12,283.732
2013-04-13,282.848
2013-04-13,282.848
2013-04-14,273.62
2013-04-14,273.62
2013-04-15,284.419
2013-04-15,284.419
2013-04-16,285.026
2013-04-16,285.026
2013-04-17,285.396
2013-04-17,285.396
2013-04-18,285.113
2013-04-18,285.113
2013-04-19,284.959
2013-04-19,284.959
2013-04-20,285.029
2013-04-20,285.029
2013-04-21,284.537
2013-04-21,284.537
2013-04-22,284.851
2013-04-22,284.851
2013-04-23,284.289
2013-04-23,284.289
2013-04-24,283.944
2013-04-24,283.944
2013-04-25,283.54
2013-04-25,283.54
2013-04-26,283.963
2013-04-26,283.963
2013-04-27,283.242
2013-04-27,283.242
2013-04-28,282.994
2013-04-28,282.994
2013-04-29,283.719
2013-04-29,283.719
2013-04-30,284.338
2013-04-30,284.338
2013-05-01,284.214
2013-05-01,284.214
2013-05-02,278.876
2013-05-02,278.876
2013-05-03,281.432
2013-05-03,281.432
2013-05-04,283.646
2013-05-04,283.646
2013-05-05,279.875
2013-05-05,279.875
2013-05-06,276.15
2013-05-06,276.15
2013-05-07,283.19
2013-05-07,283.19
2013-05-08,283.827
2013-05-08,283.827
2013-05-09,282.827
2013-05-09,282.827
2013-05-10,283.244
2013-05-10,283.244
2013-05-11,282.881
2013-05-11,282.881
2013-05-12,282.874
2013-05-12,282.874
2013-05-13,279.114
2013-05-13,279.114
2013-05-14,281.937
2013-05-14,281.937
2013-05-15,282.315
2013-05-15,282.315
2013-05-16,279.679
2013-05-16,279.679
2013-05-19,278.529
2013-05-19,278.529
2013-05-20,283.447
2013-05-20,283.447
2013-05-21,283.693
2013-05-21,283.693
2013-05-22,281.667
2013-05-22,281.667
2013-05-23,278.576
2013-05-23,278.576
2013-05-24,279.043
2013-05-24,279.043
2013-05-25,282.641
2013-05-25,282.641
2013-05-26,281.038
2013-05-26,281.038
2013-05-27,275.047
2013-05-27,275.047
2013-05-28,278.088
2013-05-28,278.088
2013-05-29,279.488
2013-05-29,279.488
2013-05-30,278.881
2013-05-30,278.881
2013-05-31,279.315
2013-05-31,279.315
2013-06-01,278.815
2013-06-01,278.815
2013-06-02,279.046
2013-06-02,279.046
2013-06-03,278.962
2013-06-03,278.962
2013-06-04,279.397
2013-06-04,279.397
2013-06-05,279.442
2013-06-05,279.442
2013-06-06,279.433
2013-06-06,279.433
2013-06-07,274.823
2013-06-07,274.823
2013-06-08,273.693
2013-06-08,273.693
2013-06-09,280.287
2013-06-09,280.287
2013-06-10,280.489
2013-06-10,280.489
2013-06-11,280.471
2013-06-11,280.471
2013-06-12,278.2
2013-06-12,278.2
2013-06-13,277.045
2013-06-13,277.045
2013-06-14,280.93
2013-06-14,280.93
2013-06-15,280.098
2013-06-15,280.098
2013-06-16,279.156
2013-06-16,279.156
2013-06-17,278.869
2013-06-17,278.869
2013-06-18,279.519
2013-06-18,279.519
2013-06-19,277.289
2013-06-19,277.289
2013-06-20,278.855
2013-06-20,278.855
2013-06-21,275.029
2013-06-21,275.029
2013-06-22,274.528
2013-06-22,274.528
2013-06-23,278.453
2013-06-23,278.453
2013-06-24,279.28
2013-06-24,279.28
2013-06-25,271.647
2013-06-25,271.647
2013-06-26,278.748
2013-06-26,278.748
2013-06-27,278.481
2013-06-27,278.481
2013-06-28,278.74
2013-06-28,278.74
2013-06-29,278.684
2013-06-29,278.684
2013-06-30,278.216
2013-06-30,278.216
2013-07-01,278.584
2013-07-01,278.584
2013-07-02,278.767
2013-07-02,278.767
2013-07-03,278.792
2013-07-03,278.792
2013-07-04,279.189
2013-07-04,279.189
2013-07-05,279.447
2013-07-05,279.447
2013-07-06,274.799
2013-07-06,274.799
2013-07-07,282.074
2013-07-07,282.074
2013-07-08,282.343
2013-07-08,282.343
2013-07-09,281.862
2013-07-09,281.862
2013-07-10,281.729
2013-07-10,281.729
2013-07-11,281.003
2013-07-11,281.003
2013-07-12,281.031
2013-07-12,281.031
2013-07-13,280.872
2013-07-13,280.872
2013-07-14,280.187
2013-07-14,280.187
2013-07-15,279.428
2013-07-15,279.428
2013-07-16,281.152
2013-07-16,281.152
2013-07-17,281.563
2013-07-17,281.563
2013-07-18,281.21
2013-07-18,281.21
2013-07-19,275.323
2013-07-19,275.323
2013-07-20,280.642
2013-07-20,280.642
2013-07-21,277.743
2013-07-21,277.743
2013-07-22,278.658
2013-07-22,278.658
2013-07-23,278.339
2013-07-23,278.339
2013-07-24,277.933
2013-07-24,277.933
2013-07-25,279.273
2013-07-25,279.273
2013-07-26,280.157
2013-07-26,280.157
2013-07-27,280.779
2013-07-27,280.779
2013-07-28,281.512
2013-07-28,281.512
2013-07-29,282.131
2013-07-29,282.131
2013-07-30,281.511
2013-07-30,281.511
2013-07-31,281.588
2013-07-31,281.588
2013-08-01,281.199
2013-08-01,281.199
2013-08-02,281.138
2013-08-02,281.138
2013-08-03,281.063
2013-08-03,281.063
2013-08-04,278.659
2013-08-04,278.659
2013-08-05,280.188
2013-08-05,280.188
2013-08-06,280.82
2013-08-06,280.82
2013-08-07,281.89
2013-08-07,281.89
2013-08-08,280.361
2013-08-08,280.361
2013-08-09,277.467
2013-08-09,277.467
2013-08-10,280.406
2013-08-10,280.406
2013-08-11,280.108
2013-08-11,280.108
2013-08-12,280.368
2013-08-12,280.368
2013-08-13,280.667
2013-08-13,280.667
2013-08-14,281.002
2013-08-14,281.002
2013-08-15,281.302
2013-08-15,281.302
2013-08-16,281.428
2013-08-16,281.428
2013-08-17,281.769
2013-08-17,281.769
2013-08-18,281.804
2013-08-18,281.804
2013-08-19,282.134
2013-08-19,282.134
2013-08-20,283.166
2013-08-20,283.166
2013-08-21,283.0
2013-08-21,283.0
2013-08-22,283.188
2013-08-22,283.188
2013-08-23,283.71
2013-08-23,283.71
2013-08-25,276.439
2013-08-25,276.439
2013-08-26,278.287
2013-08-26,278.287
2013-08-27,278.578
2013-08-27,278.578
2013-08-28,277.617
2013-08-28,277.617
2013-08-29,281.475
2013-08-29,281.475
2013-08-30,281.732
2013-08-30,281.732
2013-08-31,282.076
2013-08-31,282.076
2013-09-01,282.591
2013-09-01,282.591
2013-09-02,281.484
2013-09-02,281.484
2013-09-03,281.401
2013-09-03,281.401
2013-09-04,282.486
2013-09-04,282.486
2013-09-05,283.123
2013-09-05,283.123
2013-09-06,283.584
2013-09-06,283.584
2013-09-07,283.701
2013-09-07,283.701
2013-09-08,284.614
2013-09-08,284.614
2013-09-09,283.926
2013-09-09,283.926
2013-09-10,283.391
2013-09-10,283.391
2013-09-11,284.4
2013-09-11,284.4
2013-09-12,284.26
2013-09-12,284.26
2013-09-13,284.792
2013-09-13,284.792
2013-09-14,284.662
2013-09-14,284.662
2013-09-15,283.927
2013-09-15,283.927
2013-09-16,282.527
2013-09-16,282.527
2013-09-17,281.667
2013-09-17,281.667
2013-09-18,281.808
2013-09-18,281.808
2013-09-19,282.665
2013-09-19,282.665
2013-09-20,283.584
2013-09-20,283.584
2013-09-21,283.82
2013-09-21,283.82
2013-09-22,283.081
2013-09-22,283.081
2013-09-23,283.39
2013-09-23,283.39
2013-09-24,283.675
2013-09-24,283.675
2013-09-25,283.153
2013-09-25,283.153
2013-09-26,285.111
2013-09-26,285.111
2013-09-27,285.631
2013-09-27,285.631
2013-09-28,283.586
2013-09-28,283.586
2013-09-29,282.882
2013-09-29,282.882
2013-09-30,271.852
2013-09-30,271.852
2013-10-01,278.281
2013-10-01,278.281
2013-10-02,279.314
2013-10-02,279.314
2013-10-03,282.067
2013-10-03,282.067
2013-10-04,283.881
2013-10-04,283.881
2013-10-05,284.417
2013-10-05,284.417
2013-10-06,285.039
2013-10-06,285.039
2013-10-07,284.964
2013-10-07,284.964
2013-10-08,285.409
2013-10-08,285.409
2013-10-09,284.227
2013-10-09,284.227
2013-10-10,284.779
2013-10-10,284.779
2013-10-11,284.524
2013-10-11,284.524
2013-10-12,284.941
2013-10-12,284.941
2013-10-13,285.446
2013-10-13,285.446
2013-10-14,282.67
2013-10-14,282.67
2013-10-15,285.703
2013-10-15,285.703
2013-10-16,284.798
2013-10-16,284.798
2013-10-17,284.964
2013-10-17,284.964
2013-10-18,282.926
2013-10-18,282.926
2013-10-19,283.834
2013-10-19,283.834
2013-10-20,284.939
2013-10-20,284.939
2013-10-21,286.082
2013-10-21,286.082
2013-10-22,287.573
2013-10-22,287.573
2013-10-23,285.922
2013-10-23,285.922
2013-10-24,284.219
2013-10-24,284.219
2013-10-25,285.129
2013-10-25,285.129
2013-10-26,283.307
2013-10-26,283.307
2013-10-27,286.522
2013-10-27,286.522
2013-10-28,284.603
2013-10-28,284.603
2013-10-29,287.568
2013-10-29,287.568
2013-10-30,287.413
2013-10-30,287.413
2013-10-31,277.679
2013-10-31,277.679
2013-11-01,282.943
2013-11-01,282.943
2013-11-02,284.921
2013-11-02,284.921
2013-11-03,288.384
2013-11-03,288.384
2013-11-04,286.69
2013-11-04,286.69
2013-11-05,289.226
2013-11-05,289.226
2013-11-06,287.807
2013-11-06,287.807
2013-11-07,289.326
2013-11-07,289.326
2013-11-08,290.352
2013-11-08,290.352
2013-11-09,289.143
2013-11-09,289.143
2013-11-10,288.697
2013-11-10,288.697
2013-11-11,283.302
2013-11-11,283.302
2013-11-12,286.436
2013-11-12,286.436
2013-11-13,288.959
2013-11-13,288.959
2013-11-14,287.955
2013-11-14,287.955
2013-11-15,289.877
2013-11-15,289.877
2013-11-16,289.178
2013-11-16,289.178
2013-11-17,277.496
2013-11-17,277.496
2013-11-18,284.907
2013-11-18,284.907
2013-11-19,286.568
2013-11-19,286.568
2013-11-20,285.957
2013-11-20,285.957
2013-11-21,282.501
2013-11-21,282.501
2013-11-22,284.399
2013-11-22,284.399
2013-11-23,287.073
2013-11-23,287.073
2013-11-24,287.715
2013-11-24,287.715
2013-11-25,288.986
2013-11-25,288.986
2013-11-26,283.636
2013-11-26,283.636
2013-11-27,289.675
2013-11-27,289.675
2013-11-28,288.227
2013-11-28,288.227
2013-11-29,289.661
2013-11-29,289.661
2013-11-30,289.336
2013-11-30,289.336
2013-12-01,287.873
2013-12-01,287.873
2013-12-02,288.29
2013-12-02,288.29
2013-12-03,287.163
2013-12-03,287.163
2013-12-04,288.603
2013-12-04,288.603
2013-12-05,289.743
2013-12-05,289.743
2013-12-07,289.855
2013-12-07,289.855
2013-12-09,286.396
2013-12-09,286.396
2013-12-11,287.337
2013-12-11,287.337
2013-12-12,289.148
2013-12-12,289.148
2013-12-13,287.708
2013-12-13,287.708
2013-12-14,289.21
2013-12-14,289.21
2013-12-15,288.337
2013-12-15,288.337
2013-12-17,287.924
2013-12-17,287.924
2013-12-18,289.029
2013-12-18,289.029
2013-12-19,287.523
2013-12-19,287.523
2013-12-21,289.097
2013-12-21,289.097
2013-12-22,288.519
2013-12-22,288.519
2013-12-23,288.042
2013-12-23,288.042
2013-12-24,289.941
2013-12-24,289.941
2013-12-25,289.06
2013-12-25,289.06
2013-12-26,288.598
2013-12-26,288.598
2013-12-27,289.729
2013-12-27,289.729
2013-12-28,289.888
2013-12-28,289.888
2013-12-29,289.467
2013-12-29,289.467
2013-12-30,290.1
2013-12-30,290.1
2013-12-31,288.441
2013-12-31,288.441
2014-01-01,285.377
2014-01-01,285.377
2014-01-02,289.569
2014-01-02,289.569
2014-01-03,286.799
2014-01-03,286.799
2014-01-05,288.166
2014-01-05,288.166
2014-01-06,288.097
2014-01-06,288.097
2014-01-07,289.254
2014-01-07,289.254
2014-01-08,288.951
2014-01-08,288.951
2014-01-09,289.241
2014-01-09,289.241
2014-01-10,289.895
2014-01-10,289.895
2014-01-11,288.238
2014-01-11,288.238
2014-01-12,279.16
2014-01-12,279.16
2014-01-13,288.996
2014-01-13,288.996
2014-01-14,288.698
2014-01-14,288.698
2014-01-15,287.398
2014-01-15,287.398
2014-01-16,287.224
2014-01-16,287.224
2014-01-17,285.609
2014-01-17,285.609
2014-01-18,285.824
2014-01-18,285.824
2014-01-19,287.06
2014-01-19,287.06
2014-01-20,280.983
2014-01-20,280.983
2014-01-21,288.773
2014-01-21,288.773
2014-01-23,287.66
2014-01-23,287.66
2014-01-24,285.222
2014-01-24,285.222
2014-01-26,287.393
2014-01-26,287.393
2014-01-27,287.395
2014-01-27,287.395
2014-01-28,286.874
2014-01-28,286.874
2014-01-29,288.459
2014-01-29,288.459
2014-01-30,287.241
2014-01-30,287.241
2014-01-31,283.585
2014-01-31,283.585
2014-02-01,285.86
2014-02-01,285.86
2014-02-02,288.058
2014-02-02,288.058
2014-02-03,276.219
2014-02-03,276.219
2014-02-04,286.935
2014-02-04,286.935
2014-02-05,287.786
2014-02-05,287.786
2014-02-07,284.266
2014-02-07,284.266
2014-02-08,285.801
2014-02-08,285.801
2014-02-09,286.818
2014-02-09,286.818
2014-02-10,280.43
2014-02-10,280.43
2014-02-11,288.464
2014-02-11,288.464
2014-02-12,283.971
2014-02-12,283.971
2014-02-13,289.129
2014-02-13,289.129
2014-02-14,287.822
2014-02-14,287.822
2014-02-15,287.5
2014-02-15,287.5
2014-02-16,288.94
2014-02-16,288.94
2014-02-17,284.291
2014-02-17,284.291
2014-02-18,288.369
2014-02-18,288.369
2014-02-19,288.061
2014-02-19,288.061
2014-02-20,277.975
2014-02-20,277.975
2014-02-21,284.016
2014-02-21,284.016
2014-02-22,287.91
2014-02-22,287.91
2014-02-23,286.837
2014-02-23,286.837
2014-02-24,288.508
2014-02-24,288.508
2014-02-25,286.159
2014-02-25,286.159
2014-02-27,288.02
2014-02-27,288.02
2014-02-28,287.93
2014-02-28,287.93
2014-03-01,288.663
2014-03-01,288.663
2014-03-02,288.012
2014-03-02,288.012
2014-03-03,272.698
2014-03-03,272.698
2014-03-04,283.978
2014-03-04,283.978
2014-03-05,287.385
2014-03-05,287.385
2014-03-06,288.457
2014-03-06,288.457
2014-03-07,288.263
2014-03-07,288.263
2014-03-08,286.85
2014-03-08,286.85
2014-03-09,287.988
2014-03-09,287.988
2014-03-10,287.646
2014-03-10,287.646
2014-03-11,284.492
2014-03-11,284.492
2014-03-12,287.452
2014-03-12,287.452
2014-03-13,287.526
2014-03-13,287.526
2014-03-14,285.9
2014-03-14,285.9
2014-03-15,287.357
2014-03-15,287.357
2014-03-16,287.791
2014-03-16,287.791
2014-03-17,287.323
2014-03-17,287.323
2014-03-18,286.659
2014-03-18,286.659
2014-03-19,286.844
2014-03-19,286.844
2014-03-20,286.131
2014-03-20,286.131
2014-03-21,284.888
2014-03-21,284.888
2014-03-22,286.259
2014-03-22,286.259
2014-03-23,287.019
2014-03-23,287.019
2014-03-24,287.487
2014-03-24,287.487
2014-03-25,286.733
2014-03-25,286.733
2014-03-26,287.461
2014-03-26,287.461
2014-03-27,280.99
2014-03-27,280.99
2014-03-28,285.524
2014-03-28,285.524
2014-03-29,283.983
2014-03-29,283.983
2014-03-30,282.435
2014-03-30,282.435
2014-03-31,283.761
2014-03-31,283.761
2014-04-02,285.501
2014-04-02,285.501
2014-04-03,286.735
2014-04-03,286.735
2014-04-04,285.519
2014-04-04,285.519
2014-04-05,286.727
2014-04-05,286.727
2014-04-06,286.302
2014-04-06,286.302
2014-04-07,287.248
2014-04-07,287.248
2014-04-08,286.51
2014-04-08,286.51
2014-04-09,286.747
2014-04-09,286.747
2014-04-10,287.051
2014-04-10,287.051
2014-04-11,285.312
2014-04-11,285.312
2014-04-12,284.778
2014-04-12,284.778
2014-04-13,282.093
2014-04-13,282.093
2014-04-14,279.187
2014-04-14,279.187
2014-04-15,284.505
2014-04-15,284.505
2014-04-16,282.277
2014-04-16,282.277
2014-04-17,283.469
2014-04-17,283.469
2014-04-18,284.925
2014-04-18,284.925
2014-04-19,279.603
2014-04-19,279.603
2014-04-20,284.977
2014-04-20,284.977
2014-04-21,272.781
2014-04-21,272.781
2014-04-22,285.169
2014-04-22,285.169
2014-04-23,285.158
2014-04-23,285.158
2014-04-24,284.92
2014-04-24,284.92
2014-04-25,284.458
2014-04-25,284.458
2014-04-26,282.199
2014-04-26,282.199
2014-04-27,281.734
2014-04-27,281.734
2014-04-28,282.94
2014-04-28,282.94
2014-04-29,283.173
2014-04-29,283.173
2014-04-30,282.946
2014-04-30,282.946
2014-05-01,280.499
2014-05-01,280.499
2014-05-02,281.605
2014-05-02,281.605
2014-05-03,281.957
2014-05-03,281.957
2014-05-04,278.016
2014-05-04,278.016
2014-05-05,282.382
2014-05-05,282.382
2014-05-06,282.405
2014-05-06,282.405
2014-05-07,282.002
2014-05-07,282.002
2014-05-08,282.872
2014-05-08,282.872
2014-05-09,283.174
2014-05-09,283.174
2014-05-10,282.187
2014-05-10,282.187
2014-05-11,282.686
2014-05-11,282.686
2014-05-12,274.009
2014-05-12,274.009
2014-05-13,282.223
2014-05-13,282.223
2014-05-14,281.497
2014-05-14,281.497
2014-05-15,281.16
2014-05-15,281.16
2014-05-16,281.073
2014-05-16,281.073
2014-05-17,279.499
2014-05-17,279.499
2014-05-18,279.051
2014-05-18,279.051
2014-05-19,275.109
2014-05-19,275.109
2014-05-20,281.353
2014-05-20,281.353
2014-05-21,279.742
2014-05-21,279.742
2014-05-23,276.991
2014-05-23,276.991
2014-05-24,279.062
2014-05-24,279.062
2014-05-25,276.214
2014-05-25,276.214
2014-05-26,278.067
2014-05-26,278.067
2014-05-27,278.955
2014-05-27,278.955
2014-05-28,279.353
2014-05-28,279.353
2014-05-29,279.569
2014-05-29,279.569
2014-05-30,279.706
2014-05-30,279.706
2014-05-31,278.789
2014-05-31,278.789
2014-06-01,279.379
2014-06-01,279.379
2014-06-02,277.415
2014-06-02,277.415
2014-06-03,276.83
2014-06-03,276.83
2014-06-04,278.76
2014-06-04,278.76
2014-06-05,279.409
2014-06-05,279.409
2014-06-06,279.372
2014-06-06,279.372
2014-06-07,275.565
2014-06-07,275.565
2014-06-08,279.1
2014-06-08,279.1
2014-06-09,278.153
2014-06-09,278.153
2014-06-10,278.935
2014-06-10,278.935
2014-06-11,278.222
2014-06-11,278.222
2014-06-12,275.406
2014-06-12,275.406
2014-06-13,279.336
2014-06-13,279.336
2014-06-14,279.336
2014-06-14,279.336
2014-06-15,278.789
2014-06-15,278.789
2014-06-16,278.937
2014-06-16,278.937
2014-06-17,279.731
2014-06-17,279.731
2014-06-18,279.841
2014-06-18,279.841
2014-06-19,279.175
2014-06-19,279.175
2014-06-20,280.259
2014-06-20,280.259
2014-06-21,280.459
2014-06-21,280.459
2014-06-22,281.073
2014-06-22,281.073
2014-06-23,280.18
2014-06-23,280.18
2014-06-24,279.834
2014-06-24,279.834
2014-06-25,280.707
2014-06-25,280.707
2014-06-26,279.3
2014-06-26,279.3
2014-06-27,276.556
2014-06-27,276.556
2014-06-28,277.227
2014-06-28,277.227
2014-06-29,277.979
2014-06-29,277.979
2014-06-30,278.289
2014-06-30,278.289
2014-07-01,278.119
2014-07-01,278.119
2014-07-02,278.847
2014-07-02,278.847
2014-07-03,275.704
2014-07-03,275.704
2014-07-04,279.038
2014-07-04,279.038
2014-07-05,279.297
2014-07-05,279.297
2014-07-06,277.419
2014-07-06,277.419
2014-07-07,274.302
2014-07-07,274.302
2014-07-08,277.934
2014-07-08,277.934
2014-07-09,275.567
2014-07-09,275.567
2014-07-10,279.251
2014-07-10,279.251
2014-07-11,279.766
2014-07-11,279.766
2014-07-12,280.308
2014-07-12,280.308
2014-07-13,280.905
2014-07-13,280.905
2014-07-14,280.84
2014-07-14,280.84
2014-07-15,280.741
2014-07-15,280.741
2014-07-16,279.798
2014-07-16,279.798
2014-07-17,280.307
2014-07-17,280.307
2014-07-18,280.188
2014-07-18,280.188
2014-07-19,280.284
2014-07-19,280.284
2014-07-20,280.763
2014-07-20,280.763
2014-07-21,280.209
2014-07-21,280.209
2014-07-22,279.008
2014-07-22,279.008
2014-07-23,278.751
2014-07-23,278.751
2014-07-24,276.858
2014-07-24,276.858
2014-07-25,273.011
2014-07-25,273.011
2014-07-27,276.175
2014-07-27,276.175
2014-07-28,276.854
2014-07-28,276.854
2014-07-29,277.68
2014-07-29,277.68
2014-07-30,278.975
2014-07-30,278.975
2014-07-31,279.258
2014-07-31,279.258
2014-08-01,279.951
2014-08-01,279.951
2014-08-02,280.112
2014-08-02,280.112
2014-08-03,280.857
2014-08-03,280.857
2014-08-04,280.651
2014-08-04,280.651
2014-08-05,281.577
2014-08-05,281.577
2014-08-06,282.1
2014-08-06,282.1
2014-08-07,281.26
2014-08-07,281.26
2014-08-08,279.736
2014-08-08,279.736
2014-08-10,281.506
2014-08-10,281.506
2014-08-11,281.105
2014-08-11,281.105
2014-08-12,281.007
2014-08-12,281.007
2014-08-13,282.223
2014-08-13,282.223
2014-08-14,280.508
2014-08-14,280.508
2014-08-15,281.849
2014-08-15,281.849
2014-08-16,282.08
2014-08-16,282.08
2014-08-17,281.545
2014-08-17,281.545
2014-08-18,282.38
2014-08-18,282.38
2014-08-19,282.325
2014-08-19,282.325
2014-08-20,282.842
2014-08-20,282.842
2014-08-21,282.759
2014-08-21,282.759
2014-08-22,282.609
2014-08-22,282.609
2014-08-23,281.932
2014-08-23,281.932
2014-08-24,281.211
2014-08-24,281.211
2014-08-25,281.077
2014-08-25,281.077
2014-08-26,278.967
2014-08-26,278.967
2014-08-27,280.262
2014-08-27,280.262
2014-08-28,272.503
2014-08-28,272.503
2014-08-29,282.074
2014-08-29,282.074
2014-08-30,282.389
2014-08-30,282.389
2014-08-31,276.277
2014-08-31,276.277
2014-09-01,283.903
2014-09-01,283.903
2014-09-02,282.375
2014-09-02,282.375
2014-09-03,283.638
2014-09-03,283.638
2014-09-04,283.445
2014-09-04,283.445
2014-09-05,279.068
2014-09-05,279.068
2014-09-06,281.92
2014-09-06,281.92
2014-09-07,284.185
2014-09-07,284.185
2014-09-08,285.68
2014-09-08,285.68
2014-09-09,284.851
2014-09-09,284.851
2014-09-10,283.352
2014-09-10,283.352
2014-09-11,284.69
2014-09-11,284.69
2014-09-12,284.558
2014-09-12,284.558
2014-09-13,283.738
2014-09-13,283.738
2014-09-14,283.658
2014-09-14,283.658
2014-09-15,284.543
2014-09-15,284.543
2014-09-16,285.729
2014-09-16,285.729
2014-09-17,285.725
2014-09-17,285.725
2014-09-18,280.099
2014-09-18,280.099
2014-09-19,283.739
2014-09-19,283.739
2014-09-20,283.313
2014-09-20,283.313
2014-09-21,283.321
2014-09-21,283.321
2014-09-22,284.069
2014-09-22,284.069
2014-09-23,285.106
2014-09-23,285.106
2014-09-24,281.535
2014-09-24,281.535
2014-09-25,282.964
2014-09-25,282.964
2014-09-26,275.553
2014-09-26,275.553
2014-09-27,283.127
2014-09-27,283.127
2014-09-28,279.473
2014-09-28,279.473
2014-09-29,279.959
2014-09-29,279.959
2014-09-30,284.628
2014-09-30,284.628
2014-10-01,283.81
2014-10-01,283.81
2014-10-02,279.495
2014-10-02,279.495
2014-10-03,285.795
2014-10-03,285.795
2014-10-04,283.669
2014-10-04,283.669
2014-10-05,287.27
2014-10-05,287.27
2014-10-06,287.703
2014-10-06,287.703
2014-10-07,288.096
2014-10-07,288.096
2014-10-08,286.883
2014-10-08,286.883
2014-10-09,288.356
2014-10-09,288.356
2014-10-10,288.369
2014-10-10,288.369
2014-10-11,286.614
2014-10-11,286.614
2014-10-12,287.009
2014-10-12,287.009
2014-10-13,287.297
2014-10-13,287.297
2014-10-14,289.355
2014-10-14,289.355
2014-10-15,288.02
2014-10-15,288.02
2014-10-16,286.601
2014-10-16,286.601
2014-10-17,288.556
2014-10-17,288.556
2014-10-18,287.167
2014-10-18,287.167
2014-10-19,286.174
2014-10-19,286.174
2014-10-20,287.255
2014-10-20,287.255
2014-10-21,281.509
2014-10-21,281.509
2014-10-22,285.246
2014-10-22,285.246
2014-10-23,287.417
2014-10-23,287.417
2014-10-24,288.376
2014-10-24,288.376
2014-10-25,288.924
2014-10-25,288.924
2014-10-26,287.495
2014-10-26,287.495
2014-10-27,288.916
2014-10-27,288.916
2014-10-28,288.963
2014-10-28,288.963
2014-10-29,289.06
2014-10-29,289.06
2014-10-30,287.78
2014-10-30,287.78
2014-10-31,288.495
2014-10-31,288.495
2014-11-01,287.881
2014-11-01,287.881
2014-11-02,281.012
2014-11-02,281.012
2014-11-03,289.609
2014-11-03,289.609
2014-11-04,287.749
2014-11-04,287.749
2014-11-05,288.851
2014-11-05,288.851
2014-11-06,289.975
2014-11-06,289.975
2014-11-07,290.039
2014-11-07,290.039
2014-11-08,291.483
2014-11-08,291.483
2014-11-09,285.368
2014-11-09,285.368
2014-11-10,278.687
2014-11-10,278.687
2014-11-11,290.851
2014-11-11,290.851
2014-11-12,288.453
2014-11-12,288.453
2014-11-13,275.738
2014-11-13,275.738
2014-11-14,281.111
2014-11-14,281.111
2014-11-15,289.109
2014-11-15,289.109
2014-11-16,287.947
2014-11-16,287.947
2014-11-17,287.866
2014-11-17,287.866
2014-11-18,289.326
2014-11-18,289.326
2014-11-19,286.177
2014-11-19,286.177
2014-11-20,288.459
2014-11-20,288.459
2014-11-21,287.85
2014-11-21,287.85
2014-11-22,288.515
2014-11-22,288.515
2014-11-23,276.628
2014-11-23,276.628
2014-11-24,281.321
2014-11-24,281.321
2014-11-25,287.77
2014-11-25,287.77
2014-11-26,285.838
2014-11-26,285.838
2014-11-27,280.449
2014-11-27,280.449
2014-11-28,277.539
2014-11-28,277.539
2014-11-29,288.811
2014-11-29,288.811
2014-11-30,289.907
2014-11-30,289.907
2014-12-01,289.75
2014-12-01,289.75
2014-12-02,289.438
2014-12-02,289.438
2014-12-03,287.113
2014-12-03,287.113
2014-12-04,290.173
2014-12-04,290.173
2014-12-05,290.046
2014-12-05,290.046
2014-12-06,289.533
2014-12-06,289.533
2014-12-07,290.858
2014-12-07,290.858
2014-12-08,289.596
2014-12-08,289.596
2014-12-09,290.094
2014-12-09,290.094
2014-12-10,289.541
2014-12-10,289.541
2014-12-12,283.212
2014-12-12,283.212
2014-12-13,283.944
2014-12-13,283.944
2014-12-15,288.856
2014-12-15,288.856
2014-12-16,292.443
2014-12-16,292.443
2014-12-17,282.881
2014-12-17,282.881
2014-12-19,291.145
2014-12-19,291.145
2014-12-20,288.635
2014-12-20,288.635
2014-12-21,281.907
2014-12-21,281.907
2014-12-22,285.944
2014-12-22,285.944
2014-12-24,291.62
2014-12-24,291.62
2014-12-25,287.853
2014-12-25,287.853
2014-12-26,292.643
2014-12-26,292.643
2014-12-27,287.554
2014-12-27,287.554
2014-12-28,288.946
2014-12-28,288.946
2014-12-29,288.756
2014-12-29,288.756
2014-12-30,289.108
2014-12-30,289.108
2014-12-31,288.953
2014-12-31,288.953
2015-01-01,286.822
2015-01-01,286.822
2015-01-02,285.781
2015-01-02,285.781
2015-01-03,280.59
2015-01-03,280.59
2015-01-04,288.869
2015-01-04,288.869
2015-01-06,281.753
2015-01-06,281.753
2015-01-07,290.821
2015-01-07,290.821
2015-01-08,285.743
2015-01-08,285.743
2015-01-11,291.195
2015-01-11,291.195
2015-01-13,288.916
2015-01-13,288.916
2015-01-14,281.897
2015-01-14,281.897
2015-01-15,287.449
2015-01-15,287.449
2015-01-16,280.924
2015-01-16,280.924
2015-01-17,288.489
2015-01-17,288.489
2015-01-19,284.192
2015-01-19,284.192
2015-01-20,289.218
2015-01-20,289.218
2015-01-21,282.079
2015-01-21,282.079
2015-01-22,287.948
2015-01-22,287.948
2015-01-23,289.564
2015-01-23,289.564
2015-01-24,290.675
2015-01-24,290.675
2015-01-25,288.975
2015-01-25,288.975
2015-01-26,288.284
2015-01-26,288.284
2015-01-27,287.677
2015-01-27,287.677
2015-01-28,288.698
2015-01-28,288.698
2015-01-30,279.114
2015-01-30,279.114
2015-02-01,289.33
2015-02-01,289.33
2015-02-02,278.2
2015-02-02,278.2
2015-02-03,281.562
2015-02-03,281.562
2015-02-04,286.6
2015-02-04,286.6
2015-02-05,281.246
2015-02-05,281.246
2015-02-07,288.611
2015-02-07,288.611
2015-02-08,289.381
2015-02-08,289.381
2015-02-09,287.576
2015-02-09,287.576
2015-02-10,286.796
2015-02-10,286.796
2015-02-11,285.12
2015-02-11,285.12
2015-02-12,287.408
2015-02-12,287.408
2015-02-13,288.765
2015-02-13,288.765
2015-02-14,288.135
2015-02-14,288.135
2015-02-15,287.254
2015-02-15,287.254
2015-02-16,284.182
2015-02-16,284.182
2015-02-17,277.92
2015-02-17,277.92
2015-02-18,288.295
2015-02-18,288.295
2015-02-19,286.054
2015-02-19,286.054
2015-02-20,285.386
2015-02-20,285.386
2015-02-21,283.153
2015-02-21,283.153
2015-02-22,288.209
2015-02-22,288.209
2015-02-23,287.913
2015-02-23,287.913
2015-02-24,287.695
2015-02-24,287.695
2015-02-25,288.886
2015-02-25,288.886
2015-02-26,288.681
2015-02-26,288.681
2015-02-27,283.596
2015-02-27,283.596
2015-03-01,287.57
2015-03-01,287.57
2015-03-02,287.324
2015-03-02,287.324
2015-03-03,287.853
2015-03-03,287.853
2015-03-04,278.519
2015-03-04,278.519
2015-03-05,283.226
2015-03-05,283.226
2015-03-06,285.918
2015-03-06,285.918
2015-03-07,288.186
2015-03-07,288.186
2015-03-08,286.684
2015-03-08,286.684
2015-03-09,288.252
2015-03-09,288.252
2015-03-10,289.529
2015-03-10,289.529
2015-03-11,289.703
2015-03-11,289.703
2015-03-12,289.216
2015-03-12,289.216
2015-03-13,289.763
2015-03-13,289.763
2015-03-14,287.391
2015-03-14,287.391
2015-03-15,287.478
2015-03-15,287.478
2015-03-16,288.929
2015-03-16,288.929
2015-03-17,289.016
2015-03-17,289.016
2015-03-18,286.705
2015-03-18,286.705
2015-03-19,281.918
2015-03-19,281.918
2015-03-20,287.151
2015-03-20,287.151
2015-03-22,287.27
2015-03-22,287.27
2015-03-23,288.253
2015-03-23,288.253
2015-03-24,286.491
2015-03-24,286.491
2015-03-25,286.142
2015-03-25,286.142
2015-03-26,285.477
2015-03-26,285.477
2015-03-28,283.922
2015-03-28,283.922
2015-03-29,282.097
2015-03-29,282.097
2015-03-30,286.436
2015-03-30,286.436
2015-03-31,285.859
2015-03-31,285.859
2015-04-01,286.404
2015-04-01,286.404
2015-04-02,286.667
2015-04-02,286.667
2015-04-03,286.464
2015-04-03,286.464
2015-04-04,286.233
2015-04-04,286.233
2015-04-05,286.297
2015-04-05,286.297
2015-04-06,285.661
2015-04-06,285.661
2015-04-07,286.771
2015-04-07,286.771
2015-04-08,285.704
2015-04-08,285.704
2015-04-09,281.074
2015-04-09,281.074
2015-04-10,279.007
2015-04-10,279.007
2015-04-11,281.558
2015-04-11,281.558
2015-04-12,284.669
2015-04-12,284.669
2015-04-13,283.11
2015-04-13,283.11
2015-04-14,282.74
2015-04-14,282.74
2015-04-15,285.434
2015-04-15,285.434
2015-04-16,281.083
2015-04-16,281.083
2015-04-17,273.807
2015-04-17,273.807
2015-04-18,284.781
2015-04-18,284.781
2015-04-19,284.779
2015-04-19,284.779
2015-04-20,283.955
2015-04-20,283.955
2015-04-21,284.526
2015-04-21,284.526
2015-04-22,285.757
2015-04-22,285.757
2015-04-23,285.967
2015-04-23,285.967
2015-04-24,285.59
2015-04-24,285.59
2015-04-25,285.623
2015-04-25,285.623
2015-04-26,286.559
2015-04-26,286.559
2015-04-27,285.655
2015-04-27,285.655
2015-04-28,283.107
2015-04-28,283.107
2015-04-29,284.457
2015-04-29,284.457
2015-04-30,285.882
2015-04-30,285.882
2015-05-01,286.4
2015-05-01,286.4
2015-05-02,283.028
2015-05-02,283.028
2015-05-03,282.131
2015-05-03,282.131
2015-05-04,281.995
2015-05-04,281.995
2015-05-05,279.28
2015-05-05,279.28
2015-05-06,282.323
2015-05-06,282.323
2015-05-07,283.611
2015-05-07,283.611
2015-05-08,279.043
2015-05-08,279.043
2015-05-09,282.586
2015-05-09,282.586
2015-05-10,282.962
2015-05-10,282.962
2015-05-11,281.959
2015-05-11,281.959
2015-05-12,282.338
2015-05-12,282.338
2015-05-13,277.538
2015-05-13,277.538
2015-05-14,281.587
2015-05-14,281.587
2015-05-15,280.188
2015-05-15,280.188
2015-05-17,279.98
2015-05-17,279.98
2015-05-18,280.823
2015-05-18,280.823
2015-05-19,280.501
2015-05-19,280.501
2015-05-20,280.522
2015-05-20,280.522
2015-05-21,280.104
2015-05-21,280.104
2015-05-22,279.615
2015-05-22,279.615
2015-05-23,279.471
2015-05-23,279.471
2015-05-24,279.488
2015-05-24,279.488
2015-05-25,276.046
2015-05-25,276.046
2015-05-26,280.88
2015-05-26,280.88
2015-05-27,279.741
2015-05-27,279.741
2015-05-28,279.901
2015-05-28,279.901
2015-05-29,278.894
2015-05-29,278.894
2015-05-30,279.331
2015-05-30,279.331
2015-05-31,276.705
2015-05-31,276.705
2015-06-01,276.091
2015-06-01,276.091
2015-06-02,279.069
2015-06-02,279.069
2015-06-03,279.036
2015-06-03,279.036
2015-06-04,279.57
2015-06-04,279.57
2015-06-05,279.075
2015-06-05,279.075
2015-06-06,279.846
2015-06-06,279.846
2015-06-07,279.536
2015-06-07,279.536
2015-06-08,279.967
2015-06-08,279.967
2015-06-09,279.485
2015-06-09,279.485
2015-06-10,279.169
2015-06-10,279.169
2015-06-11,279.399
2015-06-11,279.399
2015-06-12,278.73
2015-06-12,278.73
2015-06-13,279.462
2015-06-13,279.462
2015-06-14,277.682
2015-06-14,277.682
2015-06-15,272.036
2015-06-15,272.036
2015-06-16,280.657
2015-06-16,280.657
2015-06-17,280.309
2015-06-17,280.309
2015-06-18,280.406
2015-06-18,280.406
2015-06-19,280.299
2015-06-19,280.299
2015-06-20,279.464
2015-06-20,279.464
2015-06-21,279.295
2015-06-21,279.295
2015-06-22,279.441
2015-06-22,279.441
2015-06-23,273.177
2015-06-23,273.177
2015-06-24,279.927
2015-06-24,279.927
2015-06-25,280.187
2015-06-25,280.187
2015-06-26,280.438
2015-06-26,280.438
2015-06-27,279.955
2015-06-27,279.955
2015-06-28,280.487
2015-06-28,280.487
2015-06-29,275.8
2015-06-29,275.8
2015-06-30,278.501
2015-06-30,278.501
2015-07-01,279.208
2015-07-01,279.208
2015-07-02,277.742
2015-07-02,277.742
2015-07-03,277.968
2015-07-03,277.968
2015-07-06,275.58
2015-07-06,275.58
2015-07-07,275.391
2015-07-07,275.391
2015-07-08,275.332
2015-07-08,275.332
2015-07-09,276.2
2015-07-09,276.2
2015-07-10,277.504
2015-07-10,277.504
2015-07-11,277.558
2015-07-11,277.558
2015-07-12,278.04
2015-07-12,278.04
2015-07-13,277.223
2015-07-13,277.223
2015-07-14,274.94
2015-07-14,274.94
2015-07-15,276.037
2015-07-15,276.037
2015-07-16,275.704
2015-07-16,275.704
2015-07-17,276.821
2015-07-17,276.821
2015-07-18,277.403
2015-07-18,277.403
2015-07-19,277.731
2015-07-19,277.731
2015-07-20,278.283
2015-07-20,278.283
2015-07-21,278.754
2015-07-21,278.754
2015-07-22,280.177
2015-07-22,280.177
2015-07-23,279.438
2015-07-23,279.438
2015-07-24,278.891
2015-07-24,278.891
2015-07-25,279.488
2015-07-25,279.488
2015-07-26,278.897
2015-07-26,278.897
2015-07-27,279.31
2015-07-27,279.31
2015-07-28,279.353
2015-07-28,279.353
2015-07-29,280.031
2015-07-29,280.031
2015-07-30,280.54
2015-07-30,280.54
2015-07-31,280.391
2015-07-31,280.391
2015-08-01,280.897
2015-08-01,280.897
2015-08-02,280.302
2015-08-02,280.302
2015-08-03,279.938
2015-08-03,279.938
2015-08-04,280.746
2015-08-04,280.746
2015-08-05,281.35
2015-08-05,281.35
2015-08-06,281.316
2015-08-06,281.316
2015-08-07,280.894
2015-08-07,280.894
2015-08-08,280.85
2015-08-08,280.85
2015-08-09,277.991
2015-08-09,277.991
2015-08-10,276.908
2015-08-10,276.908
2015-08-11,280.105
2015-08-11,280.105
2015-08-14,279.705
2015-08-14,279.705
2015-08-15,278.426
2015-08-15,278.426
2015-08-16,278.51
2015-08-16,278.51
2015-08-17,274.071
2015-08-17,274.071
2015-08-18,279.641
2015-08-18,279.641
2015-08-19,282.101
2015-08-19,282.101
2015-08-20,282.571
2015-08-20,282.571
2015-08-21,279.124
2015-08-21,279.124
2015-08-22,283.489
2015-08-22,283.489
2015-08-23,275.049
2015-08-23,275.049
2015-08-24,281.733
2015-08-24,281.733
2015-08-25,281.239
2015-08-25,281.239
2015-08-26,281.086
2015-08-26,281.086
2015-08-27,280.776
2015-08-27,280.776
2015-08-28,281.274
2015-08-28,281.274
2015-08-29,281.989
2015-08-29,281.989
2015-08-30,282.813
2015-08-30,282.813
2015-08-31,281.517
2015-08-31,281.517
2015-09-01,283.617
2015-09-01,283.617
2015-09-02,283.852
2015-09-02,283.852
2015-09-03,285.747
2015-09-03,285.747
2015-09-04,284.721
2015-09-04,284.721
2015-09-05,282.489
2015-09-05,282.489
2015-09-06,284.399
2015-09-06,284.399
2015-09-07,282.232
2015-09-07,282.232
2015-09-08,281.365
2015-09-08,281.365
2015-09-09,279.862
2015-09-09,279.862
2015-09-10,279.585
2015-09-10,279.585
2015-09-11,280.919
2015-09-11,280.919
2015-09-12,279.578
2015-09-12,279.578
2015-09-13,282.791
2015-09-13,282.791
2015-09-14,282.725
2015-09-14,282.725
2015-09-15,282.806
2015-09-15,282.806
2015-09-16,282.088
2015-09-16,282.088
2015-09-17,281.349
2015-09-17,281.349
2015-09-18,283.269
2015-09-18,283.269
2015-09-19,282.467
2015-09-19,282.467
2015-09-20,286.375
2015-09-20,286.375
2015-09-21,284.851
2015-09-21,284.851
2015-09-22,285.484
2015-09-22,285.484
2015-09-23,288.116
2015-09-23,288.116
2015-09-24,284.969
2015-09-24,284.969
2015-09-25,284.276
2015-09-25,284.276
2015-09-26,285.466
2015-09-26,285.466
2015-09-27,283.002
2015-09-27,283.002
2015-09-28,285.147
2015-09-28,285.147
2015-09-29,284.073
2015-09-29,284.073
2015-09-30,284.756
2015-09-30,284.756
2015-10-01,284.252
2015-10-01,284.252
2015-10-02,283.754
2015-10-02,283.754
2015-10-04,286.794
2015-10-04,286.794
2015-10-05,287.666
2015-10-05,287.666
2015-10-06,287.728
2015-10-06,287.728
2015-10-07,288.855
2015-10-07,288.855
2015-10-08,288.947
2015-10-08,288.947
2015-10-09,284.294
2015-10-09,284.294
2015-10-10,284.936
2015-10-10,284.936
2015-10-11,283.737
2015-10-11,283.737
2015-10-12,286.34
2015-10-12,286.34
2015-10-13,285.099
2015-10-13,285.099
2015-10-14,284.985
2015-10-14,284.985
2015-10-15,285.146
2015-10-15,285.146
2015-10-16,288.06
2015-10-16,288.06
2015-10-17,287.847
2015-10-17,287.847
2015-10-18,287.335
2015-10-18,287.335
2015-10-19,282.552
2015-10-19,282.552
2015-10-20,288.126
2015-10-20,288.126
2015-10-21,288.847
2015-10-21,288.847
2015-10-22,289.367
2015-10-22,289.367
2015-10-23,289.035
2015-10-23,289.035
2015-10-24,284.424
2015-10-24,284.424
2015-10-26,282.845
2015-10-26,282.845
2015-10-27,290.201
2015-10-27,290.201
2015-10-28,288.986
2015-10-28,288.986
2015-10-29,286.502
2015-10-29,286.502
2015-10-30,287.786
2015-10-30,287.786
2015-10-31,289.915
2015-10-31,289.915
2015-11-01,286.53
2015-11-01,286.53
2015-11-02,284.637
2015-11-02,284.637
2015-11-03,283.722
2015-11-03,283.722
2015-11-04,287.735
2015-11-04,287.735
2015-11-05,286.587
2015-11-05,286.587
2015-11-06,289.489
2015-11-06,289.489
2015-11-07,289.237
2015-11-07,289.237
2015-11-08,287.888
2015-11-08,287.888
2015-11-10,292.089
2015-11-10,292.089
2015-11-11,293.301
2015-11-11,293.301
2015-11-13,291.976
2015-11-13,291.976
2015-11-14,290.069
2015-11-14,290.069
2015-11-15,290.003
2015-11-15,290.003
2015-11-16,289.415
2015-11-16,289.415
2015-11-17,289.353
2015-11-17,289.353
2015-11-18,288.097
2015-11-18,288.097
2015-11-19,286.406
2015-11-19,286.406
2015-11-20,287.465
2015-11-20,287.465
2015-11-21,288.523
2015-11-21,288.523
2015-11-22,291.286
2015-11-22,291.286
2015-11-24,290.99
2015-11-24,290.99
2015-11-25,291.466
2015-11-25,291.466
2015-11-26,290.444
2015-11-26,290.444
2015-11-27,294.705
2015-11-27,294.705
2015-11-28,292.002
2015-11-28,292.002
2015-12-01,288.366
2015-12-01,288.366
2015-12-02,289.169
2015-12-02,289.169
2015-12-17,291.806
2015-12-17,291.806
2015-12-18,290.11
2015-12-18,290.11
2015-12-19,294.437
2015-12-19,294.437
2015-12-25,292.488
2015-12-25,292.488
2015-12-27,287.564
2015-12-27,287.564
2015-12-28,289.214
2015-12-28,289.214
2015-12-29,279.961
2015-12-29,279.961
2015-12-30,288.894
2015-12-30,288.894
2015-12-31,293.429
2015-12-31,293.429
2016-01-03,287.849
2016-01-03,287.849
2016-01-04,290.232
2016-01-04,290.232
2016-01-05,291.583
2016-01-05,291.583
2016-01-06,289.054
2016-01-06,289.054
2016-01-07,291.17
2016-01-07,291.17
2016-01-08,289.958
2016-01-08,289.958
2016-01-10,289.84
2016-01-10,289.84
2016-01-11,293.25
2016-01-11,293.25
2016-01-14,287.935
2016-01-14,287.935
2016-01-15,290.08
2016-01-15,290.08
2016-01-16,292.686
2016-01-16,292.686
2016-01-17,293.138
2016-01-17,293.138
2016-01-18,285.682
2016-01-18,285.682
2016-01-19,290.699
2016-01-19,290.699
2016-01-20,292.527
2016-01-20,292.527
2016-01-21,289.902
2016-01-21,289.902
2016-01-22,288.971
2016-01-22,288.971
2016-01-23,289.183
2016-01-23,289.183
2016-01-24,289.943
2016-01-24,289.943
2016-01-25,283.458
2016-01-25,283.458
2016-01-26,289.919
2016-01-26,289.919
2016-01-27,289.56
2016-01-27,289.56
2016-01-28,290.884
2016-01-28,290.884
2016-01-29,290.304
2016-01-29,290.304
2016-01-30,289.83
2016-01-30,289.83
2016-02-03,290.726
2016-02-03,290.726
2016-02-04,289.159
2016-02-04,289.159
2016-02-05,290.733
2016-02-05,290.733
2016-02-06,290.996
2016-02-06,290.996
2016-02-07,289.785
2016-02-07,289.785
2016-02-08,293.626
2016-02-08,293.626
2016-02-11,288.253
2016-02-11,288.253
2016-02-12,288.042
2016-02-12,288.042
2016-02-13,291.387
2016-02-13,291.387
2016-02-14,286.732
2016-02-14,286.732
2016-02-15,292.611
2016-02-15,292.611
2016-02-16,291.406
2016-02-16,291.406
2016-02-17,290.023
2016-02-17,290.023
2016-02-19,289.423
2016-02-19,289.423
2016-02-20,288.761
2016-02-20,288.761
2016-02-21,284.659
2016-02-21,284.659
2016-02-22,289.48
2016-02-22,289.48
2016-02-23,289.544
2016-02-23,289.544
2016-02-24,285.767
2016-02-24,285.767
2016-02-25,291.656
2016-02-25,291.656
2016-02-26,288.457
2016-02-26,288.457
2016-02-27,288.843
2016-02-27,288.843
2016-02-28,290.239
2016-02-28,290.239
2016-02-29,291.083
2016-02-29,291.083
2016-03-01,290.59
2016-03-01,290.59
2016-03-02,283.86
2016-03-02,283.86
2016-03-03,288.852
2016-03-03,288.852
2016-03-04,289.386
2016-03-04,289.386
2016-03-05,283.907
2016-03-05,283.907
2016-03-06,286.353
2016-03-06,286.353
2016-03-07,287.604
2016-03-07,287.604
2016-03-08,289.289
2016-03-08,289.289
2016-03-09,288.048
2016-03-09,288.048
2016-03-10,287.268
2016-03-10,287.268
2016-03-11,282.076
2016-03-11,282.076
2016-03-12,288.471
2016-03-12,288.471
2016-03-13,287.896
2016-03-13,287.896
2016-03-14,288.308
2016-03-14,288.308
2016-03-15,290.257
2016-03-15,290.257
2016-03-16,288.448
2016-03-16,288.448
2016-03-17,285.842
2016-03-17,285.842
2016-03-18,286.925
2016-03-18,286.925
2016-03-19,286.694
2016-03-19,286.694
2016-03-20,288.279
2016-03-20,288.279
2016-03-21,287.606
2016-03-21,287.606
2016-03-22,288.313
2016-03-22,288.313
2016-03-23,288.122
2016-03-23,288.122
2016-03-24,285.9
2016-03-24,285.9
2016-03-25,286.154
2016-03-25,286.154
2016-03-26,276.273
2016-03-26,276.273
2016-03-27,286.115
2016-03-27,286.115
2016-03-28,284.903
2016-03-28,284.903
2016-03-29,286.2
2016-03-29,286.2
2016-03-30,286.729
2016-03-30,286.729
2016-03-31,285.875
2016-03-31,285.875
2016-04-01,287.534
2016-04-01,287.534
2016-04-02,286.642
2016-04-02,286.642
2016-04-03,288.492
2016-04-03,288.492
2016-04-04,288.052
2016-04-04,288.052
2016-04-05,286.999
2016-04-05,286.999
2016-04-06,288.55
2016-04-06,288.55
2016-04-07,288.606
2016-04-07,288.606
2016-04-08,287.82
2016-04-08,287.82
2016-04-09,285.09
2016-04-09,285.09
2016-04-10,287.158
2016-04-10,287.158
2016-04-11,285.076
2016-04-11,285.076
2016-04-12,280.971
2016-04-12,280.971
2016-04-13,282.595
2016-04-13,282.595
2016-04-14,283.805
2016-04-14,283.805
2016-04-15,285.515
2016-04-15,285.515
2016-04-16,284.372
2016-04-16,284.372
2016-04-17,286.211
2016-04-17,286.211
2016-04-18,285.992
2016-04-18,285.992
2016-04-19,286.017
2016-04-19,286.017
2016-04-20,284.366
2016-04-20,284.366
2016-04-21,274.902
2016-04-21,274.902
2016-04-22,284.76
2016-04-22,284.76
2016-04-23,283.287
2016-04-23,283.287
2016-04-24,282.56
2016-04-24,282.56
2016-04-25,282.67
2016-04-25,282.67
2016-04-26,282.312
2016-04-26,282.312
2016-04-27,282.754
2016-04-27,282.754
2016-04-28,281.681
2016-04-28,281.681
2016-04-29,282.281
2016-04-29,282.281
2016-04-30,284.059
2016-04-30,284.059
2016-05-01,282.584
2016-05-01,282.584
2016-05-02,284.113
2016-05-02,284.113
2016-05-03,282.499
2016-05-03,282.499
2016-05-04,282.337
2016-05-04,282.337
2016-05-05,282.991
2016-05-05,282.991
2016-05-06,281.785
2016-05-06,281.785
2016-05-07,282.132
2016-05-07,282.132
2016-05-08,281.279
2016-05-08,281.279
2016-05-09,280.458
2016-05-09,280.458
2016-05-10,281.023
2016-05-10,281.023
2016-05-11,278.983
2016-05-11,278.983
2016-05-12,281.398
2016-05-12,281.398
2016-05-13,280.323
2016-05-13,280.323
2016-05-14,279.925
2016-05-14,279.925
2016-05-15,281.117
2016-05-15,281.117
2016-05-16,279.609
2016-05-16,279.609
2016-05-17,277.553
2016-05-17,277.553
2016-05-18,278.172
2016-05-18,278.172
2016-05-19,277.938
2016-05-19,277.938
2016-05-20,277.401
2016-05-20,277.401
2016-05-21,280.735
2016-05-21,280.735
2016-05-22,278.466
2016-05-22,278.466
2016-05-23,279.51
2016-05-23,279.51
2016-05-24,280.666
2016-05-24,280.666
2016-05-25,279.795
2016-05-25,279.795
2016-05-26,280.124
2016-05-26,280.124
2016-05-27,279.514
2016-05-27,279.514
2016-05-28,278.256
2016-05-28,278.256
2016-05-29,277.702
2016-05-29,277.702
2016-05-30,277.983
2016-05-30,277.983
2016-05-31,278.08
2016-05-31,278.08
2016-06-01,273.075
2016-06-01,273.075
2016-06-02,279.74
2016-06-02,279.74
2016-06-03,273.041
2016-06-03,273.041
2016-06-04,274.401
2016-06-04,274.401
2016-06-05,276.339
2016-06-05,276.339
2016-06-06,273.274
2016-06-06,273.274
2016-06-07,275.119
2016-06-07,275.119
2016-06-08,274.265
2016-06-08,274.265
2016-06-09,274.963
2016-06-09,274.963
2016-06-11,274.453
2016-06-11,274.453
2016-06-12,278.333
2016-06-12,278.333
2016-06-13,280.175
2016-06-13,280.175
2016-06-14,277.914
2016-06-14,277.914
2016-06-15,279.647
2016-06-15,279.647
2016-06-16,278.178
2016-06-16,278.178
2016-06-17,279.306
2016-06-17,279.306
2016-06-18,274.801
2016-06-18,274.801
2016-06-19,275.768
2016-06-19,275.768
2016-06-21,272.876
2016-06-21,272.876
2016-06-22,274.754
2016-06-22,274.754
2016-06-23,273.847
2016-06-23,273.847
2016-06-24,274.95
2016-06-24,274.95
2016-06-25,279.552
2016-06-25,279.552
2016-06-26,277.133
2016-06-26,277.133
2016-06-27,276.264
2016-06-27,276.264
2016-06-30,277.599
2016-06-30,277.599
2016-07-01,278.331
2016-07-01,278.331
2016-07-02,281.761
2016-07-02,281.761
2016-07-03,280.334
2016-07-03,280.334
2016-07-04,277.19
2016-07-04,277.19
2016-07-05,277.546
2016-07-05,277.546
2016-07-06,273.401
2016-07-06,273.401
2016-07-09,277.921
2016-07-09,277.921
2016-07-10,278.234
2016-07-10,278.234
2016-07-11,278.541
2016-07-11,278.541
2016-07-12,277.605
2016-07-12,277.605
2016-07-13,276.047
2016-07-13,276.047
2016-07-14,274.623
2016-07-14,274.623
2016-07-15,275.762
2016-07-15,275.762
2016-07-16,271.875
2016-07-16,271.875
2016-07-17,272.585
2016-07-17,272.585
2016-07-18,276.76
2016-07-18,276.76
2016-07-19,278.938
2016-07-19,278.938
2016-07-20,275.213
2016-07-20,275.213
2016-07-21,280.002
2016-07-21,280.002
2016-07-22,274.222
2016-07-22,274.222
2016-07-23,275.34
2016-07-23,275.34
2016-07-24,278.37
2016-07-24,278.37
2016-07-25,276.151
2016-07-25,276.151
2016-07-26,273.062
2016-07-26,273.062
2016-07-27,274.551
2016-07-27,274.551
2016-07-28,278.894
2016-07-28,278.894
2016-07-29,277.791
2016-07-29,277.791
2016-07-30,279.266
2016-07-30,279.266
2016-07-31,276.532
2016-07-31,276.532
2016-08-01,277.463
2016-08-01,277.463
2016-08-02,281.045
2016-08-02,281.045
2016-08-03,279.445
2016-08-03,279.445
2016-08-04,278.464
2016-08-04,278.464
2016-08-05,279.856
2016-08-05,279.856
2016-08-06,280.103
2016-08-06,280.103
2016-08-07,281.21
2016-08-07,281.21
2016-08-08,275.443
2016-08-08,275.443
2016-08-09,276.458
2016-08-09,276.458
2016-08-10,281.329
2016-08-10,281.329
2016-08-11,278.171
2016-08-11,278.171
2016-08-12,281.374
2016-08-12,281.374
2016-08-13,279.947
2016-08-13,279.947
2016-08-14,279.944
2016-08-14,279.944
2016-08-15,274.65
2016-08-15,274.65
2016-08-17,282.792
2016-08-17,282.792
2016-08-18,282.449
2016-08-18,282.449
2016-08-19,282.524
2016-08-19,282.524
2016-08-20,272.82
2016-08-20,272.82
2016-08-21,279.36
2016-08-21,279.36
2016-08-22,282.623
2016-08-22,282.623
2016-08-23,282.69
2016-08-23,282.69
2016-08-24,283.63
2016-08-24,283.63
2016-09-24,291.112
2016-09-24,291.112
2016-09-25,284.861
2016-09-25,284.861
2016-09-26,288.363
2016-09-26,288.363
2016-09-27,287.59
2016-09-27,287.59
2016-10-02,286.372
2016-10-02,286.372
2016-10-03,286.972
2016-10-03,286.972
2016-10-04,281.837
2016-10-04,281.837
2016-10-05,284.426
2016-10-05,284.426
2016-10-06,286.036
2016-10-06,286.036
2016-10-07,285.892
2016-10-07,285.892
2016-10-08,286.126
2016-10-08,286.126
2016-10-09,287.751
2016-10-09,287.751
2016-10-10,286.239
2016-10-10,286.239
2016-10-11,289.077
2016-10-11,289.077
2016-10-21,288.891
2016-10-21,288.891
2016-10-22,289.48
2016-10-22,289.48
2016-10-29,290.068
2016-10-29,290.068
2016-10-30,292.586
2016-10-30,292.586
2016-10-31,288.279
2016-10-31,288.279
2016-11-01,290.582
2016-11-01,290.582
2016-12-03,291.26
2016-12-03,291.26
2016-12-31,289.479
2016-12-31,289.479
2017-01-01,293.293
2017-01-01,293.293
2017-01-02,281.71
2017-01-02,281.71
2017-01-03,289.328
2017-01-03,289.328
2017-01-08,286.145
2017-01-08,286.145
2017-01-10,286.969
2017-01-10,286.969
2017-01-11,286.348
2017-01-11,286.348
2017-01-12,284.096
2017-01-12,284.096
2017-01-13,286.357
2017-01-13,286.357
2017-01-14,289.876
2017-01-14,289.876
2017-01-15,285.873
2017-01-15,285.873
2017-01-17,281.762
2017-01-17,281.762
2017-01-18,289.514
2017-01-18,289.514
2017-01-19,276.97
2017-01-19,276.97
2017-01-20,287.307
2017-01-20,287.307
2017-01-21,288.313
2017-01-21,288.313
2017-01-22,289.071
2017-01-22,289.071
2017-01-23,288.79
2017-01-23,288.79
2017-01-24,287.653
2017-01-24,287.653
2017-01-26,289.113
2017-01-26,289.113
2017-01-27,288.957
2017-01-27,288.957
2017-01-28,290.034
2017-01-28,290.034
2017-01-29,288.441
2017-01-29,288.441
2017-01-30,288.81
2017-01-30,288.81
2017-01-31,289.28
2017-01-31,289.28
2017-02-01,288.807
2017-02-01,288.807
2017-02-02,287.811
2017-02-02,287.811
2017-02-03,288.574
2017-02-03,288.574
2017-02-04,289.588
2017-02-04,289.588
2017-02-05,286.849
2017-02-05,286.849
2017-02-06,286.003
2017-02-06,286.003
2017-02-07,288.223
2017-02-07,288.223
2017-02-08,285.347
2017-02-08,285.347
2017-02-09,289.929
2017-02-09,289.929
2017-02-10,287.58
2017-02-10,287.58
2017-02-11,279.798
2017-02-11,279.798
2017-02-12,280.428
2017-02-12,280.428
2017-02-13,288.62
2017-02-13,288.62
2017-02-14,289.295
2017-02-14,289.295
2017-02-15,284.779
2017-02-15,284.779
2017-02-16,288.521
2017-02-16,288.521
2017-02-17,288.544
2017-02-17,288.544
2017-02-18,284.289
2017-02-18,284.289
2017-02-19,287.742
2017-02-19,287.742
2017-02-20,285.388
2017-02-20,285.388
2017-02-21,287.191
2017-02-21,287.191
2017-02-22,286.679
2017-02-22,286.679
2017-02-23,284.391
2017-02-23,284.391
2017-02-24,288.732
2017-02-24,288.732
2017-02-25,288.02
2017-02-25,288.02
2017-02-26,286.334
2017-02-26,286.334
2017-02-27,286.082
2017-02-27,286.082
2017-03-01,288.048
2017-03-01,288.048
2017-03-02,286.712
2017-03-02,286.712
2017-03-04,280.419
2017-03-04,280.419
2017-03-07,278.01
2017-03-07,278.01
2017-03-08,287.772
2017-03-08,287.772
2017-03-09,288.977
2017-03-09,288.977
2017-03-10,283.011
2017-03-10,283.011
2017-03-11,280.431
2017-03-11,280.431
2017-03-12,287.834
2017-03-12,287.834
2017-03-13,284.111
2017-03-13,284.111
2017-03-14,287.981
2017-03-14,287.981
2017-03-15,288.952
2017-03-15,288.952
2017-03-16,287.64
2017-03-16,287.64
2017-03-17,287.802
2017-03-17,287.802
2017-03-18,288.172
2017-03-18,288.172
2017-03-19,287.877
2017-03-19,287.877
2017-03-20,288.235
2017-03-20,288.235
2017-03-21,287.639
2017-03-21,287.639
2017-03-22,283.665
2017-03-22,283.665
2017-03-23,287.48
2017-03-23,287.48
2017-03-24,286.23
2017-03-24,286.23
2017-03-25,287.027
2017-03-25,287.027
2017-03-26,286.728
2017-03-26,286.728
2017-03-28,286.799
2017-03-28,286.799
2017-03-29,286.226
2017-03-29,286.226
2017-03-30,284.146
2017-03-30,284.146
2017-03-31,283.522
2017-03-31,283.522
2017-04-02,274.591
2017-04-02,274.591
2017-04-03,285.661
2017-04-03,285.661
2017-04-04,274.97
2017-04-04,274.97
2017-04-05,284.894
2017-04-05,284.894
2017-04-06,285.029
2017-04-06,285.029
2017-04-07,286.343
2017-04-07,286.343
2017-04-08,278.871
2017-04-08,278.871
2017-04-09,285.148
2017-04-09,285.148
2017-04-10,286.175
2017-04-10,286.175
2017-04-11,286.126
2017-04-11,286.126
2017-04-12,286.684
2017-04-12,286.684
2017-04-13,287.658
2017-04-13,287.658
2017-04-14,287.123
2017-04-14,287.123
2017-04-15,287.662
2017-04-15,287.662
2017-04-16,286.174
2017-04-16,286.174
2017-04-18,273.4
2017-04-18,273.4
2017-04-19,278.157
2017-04-19,278.157
2017-04-20,282.97
2017-04-20,282.97
2017-04-21,283.404
2017-04-21,283.404
2017-04-22,283.032
2017-04-22,283.032
2017-04-23,280.869
2017-04-23,280.869
2017-04-24,281.483
2017-04-24,281.483
2017-04-25,283.239
2017-04-25,283.239
2017-04-26,281.826
2017-04-26,281.826
2017-04-27,282.779
2017-04-27,282.779
2017-04-28,282.743
2017-04-28,282.743
2017-04-29,282.96
2017-04-29,282.96
2017-04-30,284.672
2017-04-30,284.672
2017-05-01,282.561
2017-05-01,282.561
2017-05-02,282.087
2017-05-02,282.087
2017-05-03,282.395
2017-05-03,282.395
2017-05-04,283.775
2017-05-04,283.775
2017-05-05,282.184
2017-05-05,282.184
2017-05-06,281.819
2017-05-06,281.819
2017-05-07,280.522
2017-05-07,280.522
2017-05-08,276.21
2017-05-08,276.21
2017-05-09,282.496
2017-05-09,282.496
2017-05-11,276.585
2017-05-11,276.585
2017-05-12,279.021
2017-05-12,279.021
2017-05-13,275.353
2017-05-13,275.353
2017-05-14,281.376
2017-05-14,281.376
2017-05-15,277.03
2017-05-15,277.03
2017-05-16,273.344
2017-05-16,273.344
2017-05-17,280.831
2017-05-17,280.831
2017-05-18,278.591
2017-05-18,278.591
2017-05-19,279.498
2017-05-19,279.498
2017-05-20,279.416
2017-05-20,279.416
2017-05-21,278.143
2017-05-21,278.143
2017-05-22,274.086
2017-05-22,274.086
2017-05-23,271.861
2017-05-23,271.861
2017-05-24,280.902
2017-05-24,280.902
2017-05-25,279.484
2017-05-25,279.484
2017-05-26,274.353
2017-05-26,274.353
2017-05-27,280.448
2017-05-27,280.448
2017-05-31,279.56
2017-05-31,279.56
2017-06-01,279.366
2017-06-01,279.366
2017-06-02,280.147
2017-06-02,280.147
2017-06-03,279.516
2017-06-03,279.516
2017-06-04,280.077
2017-06-04,280.077
2017-06-05,278.184
2017-06-05,278.184
2017-06-06,281.896
2017-06-06,281.896
2017-06-07,276.88
2017-06-07,276.88
2017-06-08,271.295
2017-06-08,271.295
2017-06-09,271.679
2017-06-09,271.679
2017-06-10,278.562
2017-06-10,278.562
2017-06-11,278.413
2017-06-11,278.413
2017-06-12,277.935
2017-06-12,277.935
2017-06-13,273.24
2017-06-13,273.24
2017-06-14,278.977
2017-06-14,278.977
2017-06-15,277.435
2017-06-15,277.435
2017-06-16,277.47
2017-06-16,277.47
2017-06-17,278.432
2017-06-17,278.432
2017-06-18,277.834
2017-06-18,277.834
2017-06-19,277.586
2017-06-19,277.586
2017-06-20,278.545
2017-06-20,278.545
2017-06-21,276.415
2017-06-21,276.415
2017-06-22,277.498
2017-06-22,277.498
2017-06-23,276.733
2017-06-23,276.733
2017-06-24,276.597
2017-06-24,276.597
2017-06-25,278.256
2017-06-25,278.256
2017-06-26,277.34
2017-06-26,277.34
2017-06-27,277.62
2017-06-27,277.62
2017-06-28,276.107
2017-06-28,276.107
2017-06-29,278.417
2017-06-29,278.417
2017-06-30,279.117
2017-06-30,279.117
2017-07-01,280.839
2017-07-01,280.839
2017-07-02,279.745
2017-07-02,279.745
2017-07-03,279.332
2017-07-03,279.332
2017-07-04,279.039
2017-07-04,279.039
2017-07-05,276.562
2017-07-05,276.562
2017-07-06,277.609
2017-07-06,277.609
2017-07-07,277.622
2017-07-07,277.622
2017-07-08,277.041
2017-07-08,277.041
2017-07-09,277.19
2017-07-09,277.19
2017-07-10,277.014
2017-07-10,277.014
2017-07-11,279.191
2017-07-11,279.191
2017-07-12,278.236
2017-07-12,278.236
2017-07-13,277.656
2017-07-13,277.656
2017-07-14,278.606
2017-07-14,278.606
2017-07-15,277.623
2017-07-15,277.623
2017-07-16,277.865
2017-07-16,277.865
2017-07-17,278.709
2017-07-17,278.709
2017-07-18,278.639
2017-07-18,278.639
2017-07-19,276.393
2017-07-19,276.393
2017-07-20,276.339
2017-07-20,276.339
2017-07-21,277.891
2017-07-21,277.891
2017-07-22,278.876
2017-07-22,278.876
2017-07-23,278.929
2017-07-23,278.929
2017-07-24,278.217
2017-07-24,278.217
2017-07-25,278.258
2017-07-25,278.258
2017-07-26,279.062
2017-07-26,279.062
2017-07-27,279.309
2017-07-27,279.309
2017-07-28,279.31
2017-07-28,279.31
2017-07-29,279.266
2017-07-29,279.266
2017-07-30,280.518
2017-07-30,280.518
2017-07-31,279.875
2017-07-31,279.875
2017-08-01,279.133
2017-08-01,279.133
2017-08-02,279.51
2017-08-02,279.51
2017-08-03,280.034
2017-08-03,280.034
2017-08-04,280.738
2017-08-04,280.738
2017-08-05,279.728
2017-08-05,279.728
2017-08-06,278.498
2017-08-06,278.498
2017-08-07,280.019
2017-08-07,280.019
2017-08-08,279.065
2017-08-08,279.065
2017-08-09,281.303
2017-08-09,281.303
2017-08-10,279.938
2017-08-10,279.938
2017-08-11,279.033
2017-08-11,279.033
2017-08-12,272.769
2017-08-12,272.769
2017-08-13,275.194
2017-08-13,275.194
2017-08-14,278.961
2017-08-14,278.961
2017-08-15,278.582
2017-08-15,278.582
2017-08-16,280.357
2017-08-16,280.357
2017-08-17,280.212
2017-08-17,280.212
2017-08-18,277.496
2017-08-18,277.496
2017-08-19,280.096
2017-08-19,280.096
2017-08-20,278.074
2017-08-20,278.074
2017-08-21,280.735
2017-08-21,280.735
2017-08-22,280.236
2017-08-22,280.236
2017-08-23,281.376
2017-08-23,281.376
2017-08-24,281.246
2017-08-24,281.246
2017-08-25,280.885
2017-08-25,280.885
2017-08-26,281.274
2017-08-26,281.274
2017-08-27,280.996
2017-08-27,280.996
2017-08-28,282.076
2017-08-28,282.076
2017-08-29,282.38
2017-08-29,282.38
2017-08-30,283.339
2017-08-30,283.339
2017-08-31,284.417
2017-08-31,284.417
2017-09-01,284.423
2017-09-01,284.423
2017-09-02,284.814
2017-09-02,284.814
2017-09-03,283.924
2017-09-03,283.924
2017-09-04,283.962
2017-09-04,283.962
2017-09-05,285.622
2017-09-05,285.622
2017-09-06,284.369
2017-09-06,284.369
2017-09-07,286.739
2017-09-07,286.739
2017-09-08,283.231
2017-09-08,283.231
2017-09-09,283.695
2017-09-09,283.695
2017-09-10,283.222
2017-09-10,283.222
2017-09-11,278.913
2017-09-11,278.913
2017-09-12,285.043
2017-09-12,285.043
2017-09-13,286.029
2017-09-13,286.029
2017-09-14,285.717
2017-09-14,285.717
2017-09-17,286.82
2017-09-17,286.82
2017-09-18,285.409
2017-09-18,285.409
2017-09-19,284.739
2017-09-19,284.739
2017-09-20,285.835
2017-09-20,285.835
2017-09-21,287.731
2017-09-21,287.731
2017-09-22,286.642
2017-09-22,286.642
2017-09-23,285.803
2017-09-23,285.803
2017-09-24,287.255
2017-09-24,287.255
2017-09-25,284.37
2017-09-25,284.37
2017-09-26,286.402
2017-09-26,286.402
2017-09-27,288.364
2017-09-27,288.364
2017-09-28,287.188
2017-09-28,287.188
2017-09-29,286.29
2017-09-29,286.29
2017-09-30,286.601
2017-09-30,286.601
2017-10-01,285.773
2017-10-01,285.773
2017-10-02,283.135
2017-10-02,283.135
2017-10-03,283.525
2017-10-03,283.525
2017-10-04,287.349
2017-10-04,287.349
2017-10-06,286.9
2017-10-06,286.9
2017-10-07,289.63
2017-10-07,289.63
2017-10-11,290.336
2017-10-11,290.336
2017-10-12,288.659
2017-10-12,288.659
2017-10-14,286.213
2017-10-14,286.213
2017-10-15,288.531
2017-10-15,288.531
2017-10-16,289.731
2017-10-16,289.731
2017-10-17,284.221
2017-10-17,284.221
2017-10-18,289.87
2017-10-18,289.87
2017-10-19,290.463
2017-10-19,290.463
2017-10-20,290.727
2017-10-20,290.727
2017-10-22,289.64
2017-10-22,289.64
2017-11-11,294.149
2017-11-11,294.149
2017-11-12,292.406
2017-11-12,292.406
2017-11-13,291.82
2017-11-13,291.82
2017-11-14,293.673
2017-11-14,293.673
2017-11-29,292.524
2017-11-29,292.524
2017-11-30,291.345
2017-11-30,291.345
2017-12-01,290.834
2017-12-01,290.834
2017-12-02,287.696
2017-12-02,287.696
2017-12-03,283.208
2017-12-03,283.208
2017-12-06,282.275
2017-12-06,282.275
2017-12-07,282.756
2017-12-07,282.756
2017-12-08,292.444
2017-12-08,292.444
2017-12-09,287.666
2017-12-09,287.666
2017-12-10,288.982
2017-12-10,288.982
2017-12-11,290.847
2017-12-11,290.847
2017-12-12,290.783
2017-12-12,290.783
2017-12-13,291.988
2017-12-13,291.988
2017-12-14,289.224
2017-12-14,289.224
2017-12-15,289.529
2017-12-15,289.529
2017-12-16,290.237
2017-12-16,290.237
2017-12-17,292.283
2017-12-17,292.283
2017-12-23,288.002
2017-12-23,288.002
2017-12-24,288.388
2017-12-24,288.388
2017-12-25,287.331
2017-12-25,287.331
2017-12-26,288.399
2017-12-26,288.399
2017-12-27,290.898
2017-12-27,290.898
2017-12-28,290.659
2017-12-28,290.659
2017-12-29,275.992
2017-12-29,275.992
2017-12-30,293.115
2017-12-30,293.115
2017-12-31,289.069
2017-12-31,289.069
2018-01-01,284.396
2018-01-01,284.396
2018-01-02,287.015
2018-01-02,287.015
2018-01-03,280.42
2018-01-03,280.42
2018-01-04,283.878
2018-01-04,283.878
2018-01-05,287.532
2018-01-05,287.532
2018-01-06,290.015
2018-01-06,290.015
2018-01-08,288.516
2018-01-08,288.516
2018-01-10,285.446
2018-01-10,285.446
2018-01-11,286.348
2018-01-11,286.348
2018-01-12,288.785
2018-01-12,288.785
2018-01-14,272.945
2018-01-14,272.945
2018-01-15,290.17
2018-01-15,290.17
2018-01-16,290.872
2018-01-16,290.872
2018-01-17,287.752
2018-01-17,287.752
2018-01-19,288.912
2018-01-19,288.912
2018-01-20,283.834
2018-01-20,283.834
2018-01-21,288.889
2018-01-21,288.889
2018-01-22,287.848
2018-01-22,287.848
2018-01-23,281.537
2018-01-23,281.537
2018-01-24,284.734
2018-01-24,284.734
2018-01-26,287.924
2018-01-26,287.924
2018-01-27,283.056
2018-01-27,283.056
2018-01-30,288.27
2018-01-30,288.27
2018-02-01,273.814
2018-02-01,273.814
2018-02-02,285.45
2018-02-02,285.45
2018-02-03,288.938
2018-02-03,288.938
2018-02-04,288.584
2018-02-04,288.584
2018-02-05,289.174
2018-02-05,289.174
2018-02-06,288.819
2018-02-06,288.819
2018-02-07,286.632
2018-02-07,286.632
2018-02-08,287.817
2018-02-08,287.817
2018-02-09,287.197
2018-02-09,287.197
2018-02-10,286.722
2018-02-10,286.722
2018-02-12,283.011
2018-02-12,283.011
2018-02-13,287.107
2018-02-13,287.107
2018-02-14,286.973
2018-02-14,286.973
2018-02-15,278.255
2018-02-15,278.255
2018-02-17,287.6
2018-02-17,287.6
2018-02-18,288.398
2018-02-18,288.398
2018-02-19,286.433
2018-02-19,286.433
2018-02-20,286.89
2018-02-20,286.89
2018-02-21,285.407
2018-02-21,285.407
2018-02-22,288.498
2018-02-22,288.498
2018-02-23,288.04
2018-02-23,288.04
2018-02-24,287.606
2018-02-24,287.606
2018-02-25,287.798
2018-02-25,287.798
2018-02-26,287.576
2018-02-26,287.576
2018-02-27,284.874
2018-02-27,284.874
2018-02-28,288.204
2018-02-28,288.204
2018-03-01,283.071
2018-03-01,283.071
2018-03-02,286.607
2018-03-02,286.607
2018-03-03,287.71
2018-03-03,287.71
2018-03-05,286.604
2018-03-05,286.604
2018-03-07,286.233
2018-03-07,286.233
2018-03-08,286.751
2018-03-08,286.751
2018-03-09,276.377
2018-03-09,276.377
2018-03-10,275.75
2018-03-10,275.75
2018-03-11,287.063
2018-03-11,287.063
2018-03-12,287.026
2018-03-12,287.026
2018-03-13,284.918
2018-03-13,284.918
2018-03-15,287.022
2018-03-15,287.022
2018-03-16,277.39
2018-03-16,277.39
2018-03-17,287.616
2018-03-17,287.616
2018-03-18,286.655
2018-03-18,286.655
2018-03-19,280.133
2018-03-19,280.133
2018-03-20,282.344
2018-03-20,282.344
2018-03-21,286.784
2018-03-21,286.784
2018-03-22,288.315
2018-03-22,288.315
2018-03-23,288.654
2018-03-23,288.654
2018-03-24,288.042
2018-03-24,288.042
2018-03-25,284.606
2018-03-25,284.606
2018-03-26,286.326
2018-03-26,286.326
2018-03-27,286.862
2018-03-27,286.862
2018-03-28,286.348
2018-03-28,286.348
2018-03-29,285.89
2018-03-29,285.89
2018-03-30,285.643
2018-03-30,285.643
2018-03-31,285.364
2018-03-31,285.364
2018-04-01,285.636
2018-04-01,285.636
2018-04-02,285.597
2018-04-02,285.597
2018-04-03,285.625
2018-04-03,285.625
2018-04-04,284.589
2018-04-04,284.589
2018-04-05,284.496
2018-04-05,284.496
2018-04-06,284.388
2018-04-06,284.388
2018-04-07,284.79
2018-04-07,284.79
2018-04-08,284.869
2018-04-08,284.869
2018-04-09,285.456
2018-04-09,285.456
2018-04-10,280.253
2018-04-10,280.253
2018-04-11,285.973
2018-04-11,285.973
2018-04-12,286.808
2018-04-12,286.808
2018-04-13,281.307
2018-04-13,281.307
2018-04-14,285.302
2018-04-14,285.302
2018-04-15,286.341
2018-04-15,286.341
2018-04-16,285.676
2018-04-16,285.676
2018-04-17,285.77
2018-04-17,285.77
2018-04-18,285.294
2018-04-18,285.294
2018-04-19,284.864
2018-04-19,284.864
2018-04-20,285.109
2018-04-20,285.109
2018-04-21,285.594
2018-04-21,285.594
2018-04-22,283.099
2018-04-22,283.099
2018-04-23,281.236
2018-04-23,281.236
2018-04-24,285.191
2018-04-24,285.191
2018-04-25,284.975
2018-04-25,284.975
2018-04-26,282.368
2018-04-26,282.368
2018-04-27,285.487
2018-04-27,285.487
2018-04-28,284.749
2018-04-28,284.749
2018-04-29,285.177
2018-04-29,285.177
2018-04-30,285.631
2018-04-30,285.631
2018-05-01,286.263
2018-05-01,286.263
2018-05-02,283.132
2018-05-02,283.132
2018-05-03,284.777
2018-05-03,284.777
2018-05-04,282.919
2018-05-04,282.919
2018-05-05,280.848
2018-05-05,280.848
2018-05-06,284.47
2018-05-06,284.47
2018-05-07,283.192
2018-05-07,283.192
2018-05-08,282.804
2018-05-08,282.804
2018-05-09,277.634
2018-05-09,277.634
2018-05-10,282.912
2018-05-10,282.912
2018-05-11,282.371
2018-05-11,282.371
2018-05-12,282.632
2018-05-12,282.632
2018-05-13,282.041
2018-05-13,282.041
2018-05-14,281.16
2018-05-14,281.16
2018-05-15,281.392
2018-05-15,281.392
2018-05-16,281.113
2018-05-16,281.113
2018-05-17,280.826
2018-05-17,280.826
2018-05-18,280.642
2018-05-18,280.642
2018-05-19,280.33
2018-05-19,280.33
2018-05-20,281.141
2018-05-20,281.141
2018-05-21,280.985
2018-05-21,280.985
2018-05-22,280.675
2018-05-22,280.675
2018-05-23,280.629
2018-05-23,280.629
2018-05-24,280.563
2018-05-24,280.563
2018-05-25,280.259
2018-05-25,280.259
2018-05-26,280.764
2018-05-26,280.764
2018-05-27,280.507
2018-05-27,280.507
2018-05-28,280.603
2018-05-28,280.603
2018-05-29,280.218
2018-05-29,280.218
2018-05-30,279.272
2018-05-30,279.272
2018-05-31,278.407
2018-05-31,278.407
2018-06-01,278.307
2018-06-01,278.307
2018-06-02,279.085
2018-06-02,279.085
2018-06-03,273.228
2018-06-03,273.228
2018-06-05,273.923
2018-06-05,273.923
2018-06-06,272.701
2018-06-06,272.701
2018-06-07,280.156
2018-06-07,280.156
2018-06-08,278.957
2018-06-08,278.957
2018-06-09,273.867
2018-06-09,273.867
2018-06-10,279.762
2018-06-10,279.762
2018-06-11,276.726
2018-06-11,276.726
2018-06-12,277.736
2018-06-12,277.736
2018-06-13,277.673
2018-06-13,277.673
2018-06-14,277.136
2018-06-14,277.136
2018-06-16,273.084
2018-06-16,273.084
2018-06-17,279.334
2018-06-17,279.334
2018-06-18,275.987
2018-06-18,275.987
2018-06-19,279.995
2018-06-19,279.995
2018-06-20,279.719
2018-06-20,279.719
2018-06-21,279.693
2018-06-21,279.693
2018-06-22,280.133
2018-06-22,280.133
2018-06-23,280.474
2018-06-23,280.474
2018-06-24,280.207
2018-06-24,280.207
2018-06-25,279.181
2018-06-25,279.181
2018-06-26,278.892
2018-06-26,278.892
2018-06-27,278.015
2018-06-27,278.015
2018-06-28,279.011
2018-06-28,279.011
2018-06-29,278.113
2018-06-29,278.113
2018-06-30,279.22
2018-06-30,279.22
2018-07-01,279.804
2018-07-01,279.804
2018-07-02,278.262
2018-07-02,278.262
2018-07-03,279.985
2018-07-03,279.985
2018-07-04,276.134
2018-07-04,276.134
2018-07-05,279.694
2018-07-05,279.694
2018-07-06,277.039
2018-07-06,277.039
2018-07-07,280.234
2018-07-07,280.234
2018-07-08,280.197
2018-07-08,280.197
2018-07-09,280.181
2018-07-09,280.181
2018-07-10,279.266
2018-07-10,279.266
2018-07-11,276.008
2018-07-11,276.008
2018-07-12,272.298
2018-07-12,272.298
2018-07-13,275.479
2018-07-13,275.479
2018-07-14,278.236
2018-07-14,278.236
2018-07-15,278.815
2018-07-15,278.815
2018-07-16,279.749
2018-07-16,279.749
2018-07-17,280.066
2018-07-17,280.066
2018-07-18,279.027
2018-07-18,279.027
2018-07-19,280.708
2018-07-19,280.708
2018-07-20,273.977
2018-07-20,273.977
2018-07-23,279.305
2018-07-23,279.305
2018-07-24,279.623
2018-07-24,279.623
2018-07-25,280.982
2018-07-25,280.982
2018-07-26,280.571
2018-07-26,280.571
2018-07-27,277.25
2018-07-27,277.25
2018-07-28,280.901
2018-07-28,280.901
2018-07-29,279.464
2018-07-29,279.464
2018-07-30,273.83
2018-07-30,273.83
2018-07-31,278.425
2018-07-31,278.425
2018-08-01,280.007
2018-08-01,280.007
2018-08-02,278.579
2018-08-02,278.579
2018-08-03,278.645
2018-08-03,278.645
2018-08-05,277.499
2018-08-05,277.499
2018-08-06,278.321
2018-08-06,278.321
2018-08-07,275.44
2018-08-07,275.44
2018-08-08,280.106
2018-08-08,280.106
2018-08-09,281.519
2018-08-09,281.519
2018-08-10,281.587
2018-08-10,281.587
2018-08-11,282.442
2018-08-11,282.442
2018-08-12,282.02
2018-08-12,282.02
2018-08-13,281.136
2018-08-13,281.136
2018-08-14,280.386
2018-08-14,280.386
2018-08-15,279.655
2018-08-15,279.655
2018-08-16,281.151
2018-08-16,281.151
2018-08-17,281.219
2018-08-17,281.219
2018-08-18,280.394
2018-08-18,280.394
2018-08-19,280.985
2018-08-19,280.985
2018-08-20,282.171
2018-08-20,282.171
2018-08-21,282.542
2018-08-21,282.542
2018-08-22,280.938
2018-08-22,280.938
2018-08-23,280.126
2018-08-23,280.126
2018-08-24,280.998
2018-08-24,280.998
2018-08-25,281.458
2018-08-25,281.458
2018-08-26,282.084
2018-08-26,282.084
2018-08-27,282.019
2018-08-27,282.019
2018-08-28,282.408
2018-08-28,282.408
2018-08-29,283.34
2018-08-29,283.34
2018-08-30,283.327
2018-08-30,283.327
2018-08-31,282.577
2018-08-31,282.577
2018-09-01,282.56
2018-09-01,282.56
2018-09-02,279.473
2018-09-02,279.473
2018-09-03,281.016
2018-09-03,281.016
2018-09-04,282.216
2018-09-04,282.216
2018-09-05,282.915
2018-09-05,282.915
2018-09-06,283.044
2018-09-06,283.044
2018-09-07,283.953
2018-09-07,283.953
2018-09-08,284.077
2018-09-08,284.077
2018-09-09,285.058
2018-09-09,285.058
2018-09-10,284.706
2018-09-10,284.706
2018-09-11,284.317
2018-09-11,284.317
2018-09-12,283.979
2018-09-12,283.979
2018-09-13,282.977
2018-09-13,282.977
2018-09-14,282.718
2018-09-14,282.718
2018-09-15,282.036
2018-09-15,282.036
2018-09-16,280.479
2018-09-16,280.479
2018-09-17,281.451
2018-09-17,281.451
2018-09-18,282.484
2018-09-18,282.484
2018-09-19,283.12
2018-09-19,283.12
2018-09-20,283.721
2018-09-20,283.721
2018-09-21,284.091
2018-09-21,284.091
2018-09-22,285.984
2018-09-22,285.984
2018-09-23,284.845
2018-09-23,284.845
2018-09-24,284.049
2018-09-24,284.049
2018-09-25,283.696
2018-09-25,283.696
2018-09-26,283.302
2018-09-26,283.302
2018-09-27,282.041
2018-09-27,282.041
2018-09-28,285.304
2018-09-28,285.304
2018-09-29,285.594
2018-09-29,285.594
2018-09-30,283.427
2018-09-30,283.427
2018-10-01,284.324
2018-10-01,284.324
2018-10-02,286.709
2018-10-02,286.709
2018-10-03,286.175
2018-10-03,286.175
2018-10-04,286.744
2018-10-04,286.744
2018-10-05,286.615
2018-10-05,286.615
2018-10-06,286.881
2018-10-06,286.881
2018-10-07,286.922
2018-10-07,286.922
2018-10-08,286.107
2018-10-08,286.107
2018-10-09,285.675
2018-10-09,285.675
2018-10-10,285.959
2018-10-10,285.959
2018-10-12,285.134
2018-10-12,285.134
2018-10-13,286.633
2018-10-13,286.633
2018-10-14,285.492
2018-10-14,285.492
2018-10-15,280.261
2018-10-15,280.261
2018-10-16,279.694
2018-10-16,279.694
2018-10-17,285.528
2018-10-17,285.528
2018-10-18,286.456
2018-10-18,286.456
2018-10-19,288.223
2018-10-19,288.223
2018-10-20,288.208
2018-10-20,288.208
2018-10-21,289.002
2018-10-21,289.002
2018-10-22,288.831
2018-10-22,288.831
2018-10-23,287.599
2018-10-23,287.599
2018-10-24,282.916
2018-10-24,282.916
2018-10-25,285.671
2018-10-25,285.671
2018-10-26,286.909
2018-10-26,286.909
2018-10-27,287.976
2018-10-27,287.976
2018-10-28,285.974
2018-10-28,285.974
2018-10-29,287.62
2018-10-29,287.62
2018-10-30,289.637
2018-10-30,289.637
2018-10-31,288.565
2018-10-31,288.565
2018-11-01,289.019
2018-11-01,289.019
2018-11-02,284.991
2018-11-02,284.991
2018-11-03,287.806
2018-11-03,287.806
2018-11-04,287.728
2018-11-04,287.728
2018-11-05,288.827
2018-11-05,288.827
2018-11-06,291.113
2018-11-06,291.113
2018-11-07,290.468
2018-11-07,290.468
2018-11-08,289.724
2018-11-08,289.724
2018-11-09,288.948
2018-11-09,288.948
2018-11-10,289.786
2018-11-10,289.786
2018-11-11,290.545
2018-11-11,290.545
2018-11-12,288.933
2018-11-12,288.933
2018-11-13,286.321
2018-11-13,286.321
2018-11-14,278.726
2018-11-14,278.726
2018-11-15,287.697
2018-11-15,287.697
2018-11-16,289.641
2018-11-16,289.641
2018-11-17,288.879
2018-11-17,288.879
2018-11-18,288.494
2018-11-18,288.494
2018-11-19,282.332
2018-11-19,282.332
2018-11-20,290.306
2018-11-20,290.306
2018-11-21,292.549
2018-11-21,292.549
2018-11-22,287.316
2018-11-22,287.316
2018-11-23,286.154
2018-11-23,286.154
2018-11-24,283.207
2018-11-24,283.207
2018-11-25,288.112
2018-11-25,288.112
2018-11-26,291.872
2018-11-26,291.872
2018-11-27,288.742
2018-11-27,288.742
2018-11-28,287.987
2018-11-28,287.987
2018-11-29,289.685
2018-11-29,289.685
2018-11-30,284.653
2018-11-30,284.653
2018-12-01,272.71
2018-12-01,272.71
2018-12-02,280.177
2018-12-02,280.177
2018-12-03,289.024
2018-12-03,289.024
2018-12-04,286.986
2018-12-04,286.986
2018-12-05,286.908
2018-12-05,286.908
2018-12-06,283.58
2018-12-06,283.58
2018-12-07,290.921
2018-12-07,290.921
2018-12-08,291.631
2018-12-08,291.631
2018-12-09,286.863
2018-12-09,286.863
2018-12-10,292.521
2018-12-10,292.521
2018-12-11,290.896
2018-12-11,290.896
2018-12-12,291.415
2018-12-12,291.415
2018-12-14,290.298
2018-12-14,290.298
2018-12-15,290.021
2018-12-15,290.021
2018-12-16,291.807
2018-12-16,291.807
2018-12-17,288.119
2018-12-17,288.119
2018-12-18,288.61
2018-12-18,288.61
2018-12-19,291.061
2018-12-19,291.061
2018-12-20,278.95
2018-12-20,278.95
2018-12-21,287.111
2018-12-21,287.111
2018-12-22,289.076
2018-12-22,289.076
2018-12-23,289.672
2018-12-23,289.672
2018-12-24,286.081
2018-12-24,286.081
2018-12-25,291.055
2018-12-25,291.055
2018-12-26,291.331
2018-12-26,291.331
2018-12-27,290.122
2018-12-27,290.122
2018-12-28,290.009
2018-12-28,290.009
2018-12-30,282.901
2018-12-30,282.901
2018-12-31,282.711
2018-12-31,282.711
2019-01-01,288.927
2019-01-01,288.927
2019-01-02,284.12
2019-01-02,284.12
2019-01-03,290.701
2019-01-03,290.701
2019-01-04,283.994
2019-01-04,283.994
2019-01-05,286.044
2019-01-05,286.044
2019-01-06,283.962
2019-01-06,283.962
2019-01-07,286.232
2019-01-07,286.232
2019-01-08,277.474
2019-01-08,277.474
2019-01-09,286.201
2019-01-09,286.201
2019-01-10,280.39
2019-01-10,280.39
2019-01-11,278.941
2019-01-11,278.941
2019-01-12,289.2
2019-01-12,289.2
2019-01-13,289.587
2019-01-13,289.587
2019-01-14,287.262
2019-01-14,287.262
2019-01-15,288.638
2019-01-15,288.638
2019-01-16,280.951
2019-01-16,280.951
2019-01-19,284.393
2019-01-19,284.393
2019-01-20,290.121
2019-01-20,290.121
2019-01-21,290.428
2019-01-21,290.428
2019-01-22,290.532
2019-01-22,290.532
2019-01-23,290.633
2019-01-23,290.633
2019-01-24,289.258
2019-01-24,289.258
2019-01-25,286.602
2019-01-25,286.602
2019-01-26,288.856
2019-01-26,288.856
2019-01-27,283.91
2019-01-27,283.91
2019-01-28,287.356
2019-01-28,287.356
2019-01-29,283.065
2019-01-29,283.065
2019-01-30,286.497
2019-01-30,286.497
2019-02-01,284.94
2019-02-01,284.94
2019-02-03,286.322
2019-02-03,286.322
2019-02-04,286.754
2019-02-04,286.754
2019-02-05,286.458
2019-02-05,286.458
2019-02-06,285.456
2019-02-06,285.456
2019-02-07,283.146
2019-02-07,283.146
2019-02-08,288.149
2019-02-08,288.149
2019-02-09,276.633
2019-02-09,276.633
2019-02-10,285.54
2019-02-10,285.54
2019-02-12,284.803
2019-02-12,284.803
2019-02-13,284.488
2019-02-13,284.488
2019-02-14,288.478
2019-02-14,288.478
2019-02-15,288.334
2019-02-15,288.334
2019-02-16,287.305
2019-02-16,287.305
2019-02-17,288.544
2019-02-17,288.544
2019-02-18,288.22
2019-02-18,288.22
2019-02-19,287.378
2019-02-19,287.378
2019-02-20,283.881
2019-02-20,283.881
2019-02-21,288.268
2019-02-21,288.268
2019-02-22,289.345
2019-02-22,289.345
2019-02-23,288.96
2019-02-23,288.96
2019-02-24,288.655
2019-02-24,288.655
2019-02-25,282.76
2019-02-25,282.76
2019-02-26,276.485
2019-02-26,276.485
2019-02-27,285.651
2019-02-27,285.651
2019-02-28,286.926
2019-02-28,286.926
2019-03-01,288.126
2019-03-01,288.126
2019-03-02,288.31
2019-03-02,288.31
2019-03-03,282.847
2019-03-03,282.847
2019-03-04,287.823
2019-03-04,287.823
2019-03-05,289.005
2019-03-05,289.005
2019-03-06,282.672
2019-03-06,282.672
2019-03-07,288.468
2019-03-07,288.468
2019-03-08,288.02
2019-03-08,288.02
2019-03-09,274.885
2019-03-09,274.885
2019-03-10,286.498
2019-03-10,286.498
2019-03-11,288.23
2019-03-11,288.23
2019-03-12,288.212
2019-03-12,288.212
2019-03-13,287.499
2019-03-13,287.499
2019-03-14,287.037
2019-03-14,287.037
2019-03-15,281.474
2019-03-15,281.474
2019-03-16,286.059
2019-03-16,286.059
2019-03-17,280.445
2019-03-17,280.445
2019-03-18,285.731
2019-03-18,285.731
2019-03-19,285.302
2019-03-19,285.302
2019-03-20,286.774
2019-03-20,286.774
2019-03-21,281.553
2019-03-21,281.553
2019-03-22,287.152
2019-03-22,287.152
2019-03-23,287.292
2019-03-23,287.292
2019-03-24,283.519
2019-03-24,283.519
2019-03-25,286.72
2019-03-25,286.72
2019-03-26,285.302
2019-03-26,285.302
2019-03-27,286.069
2019-03-27,286.069
2019-03-28,286.784
2019-03-28,286.784
2019-03-29,286.578
2019-03-29,286.578
2019-03-30,287.443
2019-03-30,287.443
2019-03-31,288.46
2019-03-31,288.46
2019-04-01,282.096
2019-04-01,282.096
2019-04-02,285.254
2019-04-02,285.254
2019-04-04,283.212
2019-04-04,283.212
2019-04-05,284.064
2019-04-05,284.064
2019-04-06,272.947
2019-04-06,272.947
2019-04-07,284.206
2019-04-07,284.206
2019-04-08,284.863
2019-04-08,284.863
2019-04-09,285.885
2019-04-09,285.885
2019-04-10,286.255
2019-04-10,286.255
2019-04-11,286.247
2019-04-11,286.247
2019-04-12,285.219
2019-04-12,285.219
2019-04-13,284.048
2019-04-13,284.048
2019-04-14,284.076
2019-04-14,284.076
2019-04-15,276.788
2019-04-15,276.788
2019-04-16,286.761
2019-04-16,286.761
2019-04-17,275.788
2019-04-17,275.788
2019-04-18,285.322
2019-04-18,285.322
2019-04-19,286.208
2019-04-19,286.208
2019-04-20,286.514
2019-04-20,286.514
2019-04-21,285.731
2019-04-21,285.731
2019-04-22,284.507
2019-04-22,284.507
2019-04-23,279.601
2019-04-23,279.601
2019-04-24,284.139
2019-04-24,284.139
2019-04-25,283.943
2019-04-25,283.943
2019-04-26,284.75
2019-04-26,284.75
2019-04-27,280.027
2019-04-27,280.027
2019-04-28,284.221
2019-04-28,284.221
2019-04-29,283.935
2019-04-29,283.935
2019-04-30,284.013
2019-04-30,284.013
2019-05-01,283.661
2019-05-01,283.661
2019-05-02,284.377
2019-05-02,284.377
2019-05-03,282.47
2019-05-03,282.47
2019-05-04,283.371
2019-05-04,283.371
2019-05-05,281.537
2019-05-05,281.537
2019-05-06,285.461
2019-05-06,285.461
2019-05-07,283.465
2019-05-07,283.465
2019-05-08,284.806
2019-05-08,284.806
2019-05-09,285.406
2019-05-09,285.406
2019-05-10,283.829
2019-05-10,283.829
2019-05-11,280.708
2019-05-11,280.708
2019-05-12,281.347
2019-05-12,281.347
2019-05-13,281.397
2019-05-13,281.397
2019-05-14,281.937
2019-05-14,281.937
2019-05-15,280.933
2019-05-15,280.933
2019-05-16,281.62
2019-05-16,281.62
2019-05-17,281.278
2019-05-17,281.278
2019-05-18,279.885
2019-05-18,279.885
2019-05-19,280.73
2019-05-19,280.73
2019-05-20,279.862
2019-05-20,279.862
2019-05-21,277.101
2019-05-21,277.101
2019-05-22,273.908
2019-05-22,273.908
2019-05-23,280.655
2019-05-23,280.655
2019-05-24,278.756
2019-05-24,278.756
2019-05-25,278.925
2019-05-25,278.925
2019-05-26,279.633
2019-05-26,279.633
2019-05-27,279.187
2019-05-27,279.187
2019-05-28,279.5
2019-05-28,279.5
2019-05-29,280.103
2019-05-29,280.103
2019-05-30,278.744
2019-05-30,278.744
2019-05-31,280.144
2019-05-31,280.144
2019-06-01,279.176
2019-06-01,279.176
2019-06-02,279.631
2019-06-02,279.631
2019-06-03,278.916
2019-06-03,278.916
2019-06-04,279.917
2019-06-04,279.917
2019-06-05,280.407
2019-06-05,280.407
2019-06-06,279.977
2019-06-06,279.977
2019-06-07,279.869
2019-06-07,279.869
2019-06-08,279.827
2019-06-08,279.827
2019-06-09,280.077
2019-06-09,280.077
2019-06-10,279.977
2019-06-10,279.977
2019-06-11,276.594
2019-06-11,276.594
2019-06-12,278.953
2019-06-12,278.953
2019-06-13,279.626
2019-06-13,279.626
2019-06-14,274.52
2019-06-14,274.52
2019-06-15,280.687
2019-06-15,280.687
2019-06-16,279.541
2019-06-16,279.541
2019-06-17,280.938
2019-06-17,280.938
2019-06-18,279.186
2019-06-18,279.186
2019-06-19,279.985
2019-06-19,279.985
2019-06-20,280.218
2019-06-20,280.218
2019-06-21,280.528
2019-06-21,280.528
2019-06-22,280.081
2019-06-22,280.081
2019-06-23,279.319
2019-06-23,279.319
2019-06-24,279.324
2019-06-24,279.324
2019-06-25,277.472
2019-06-25,277.472
2019-06-26,278.072
2019-06-26,278.072
2019-06-27,277.968
2019-06-27,277.968
2019-06-28,278.389
2019-06-28,278.389
2019-06-29,279.725
2019-06-29,279.725
2019-06-30,280.231
2019-06-30,280.231
2019-07-01,281.538
2019-07-01,281.538
2019-07-02,280.442
2019-07-02,280.442
2019-07-03,276.71
2019-07-03,276.71
2019-07-04,278.581
2019-07-04,278.581
2019-07-05,278.635
2019-07-05,278.635
2019-07-06,279.584
2019-07-06,279.584
2019-07-07,279.264
2019-07-07,279.264
2019-07-08,279.616
2019-07-08,279.616
2019-07-09,280.029
2019-07-09,280.029
2019-07-10,280.023
2019-07-10,280.023
2019-07-11,280.226
2019-07-11,280.226
2019-07-12,279.301
2019-07-12,279.301
2019-07-13,279.481
2019-07-13,279.481
2019-07-14,279.394
2019-07-14,279.394
2019-07-15,279.082
2019-07-15,279.082
2019-07-16,279.463
2019-07-16,279.463
2019-07-17,278.723
2019-07-17,278.723
2019-07-18,279.969
2019-07-18,279.969
2019-07-19,279.224
2019-07-19,279.224
2019-07-20,280.047
2019-07-20,280.047
2019-07-21,279.47
2019-07-21,279.47
2019-07-22,278.513
2019-07-22,278.513
2019-07-24,275.742
2019-07-24,275.742
2019-07-25,274.446
2019-07-25,274.446
2019-07-26,275.084
2019-07-26,275.084
2019-07-27,276.323
2019-07-27,276.323
2019-07-28,279.301
2019-07-28,279.301
2019-07-29,277.848
2019-07-29,277.848
2019-07-30,278.209
2019-07-30,278.209
2019-07-31,278.925
2019-07-31,278.925
2019-08-01,280.275
2019-08-01,280.275
2019-08-02,280.26
2019-08-02,280.26
2019-08-03,276.72
2019-08-03,276.72
2019-08-04,277.403
2019-08-04,277.403
2019-08-05,278.118
2019-08-05,278.118
2019-08-06,279.939
2019-08-06,279.939
2019-08-07,280.373
2019-08-07,280.373
2019-08-08,280.405
2019-08-08,280.405
2019-08-09,272.339
2019-08-09,272.339
2019-08-10,278.823
2019-08-10,278.823
2019-08-11,280.843
2019-08-11,280.843
2019-08-12,280.787
2019-08-12,280.787
2019-08-13,281.867
2019-08-13,281.867
2019-08-14,283.043
2019-08-14,283.043
2019-08-15,282.461
2019-08-15,282.461
2019-08-16,282.139
2019-08-16,282.139
2019-08-17,281.869
2019-08-17,281.869
2019-08-18,281.166
2019-08-18,281.166
2019-08-19,281.209
2019-08-19,281.209
2019-08-20,281.096
2019-08-20,281.096
2019-08-21,282.371
2019-08-21,282.371
2019-08-22,282.365
2019-08-22,282.365
2019-08-23,282.967
2019-08-23,282.967
2019-08-24,282.2
2019-08-24,282.2
2019-08-25,281.741
2019-08-25,281.741
2019-08-26,280.578
2019-08-26,280.578
2019-08-27,281.965
2019-08-27,281.965
2019-08-28,282.653
2019-08-28,282.653
2019-08-29,282.558
2019-08-29,282.558
2019-08-30,282.212
2019-08-30,282.212
2019-08-31,281.473
2019-08-31,281.473
2019-09-01,282.467
2019-09-01,282.467
2019-09-02,281.198
2019-09-02,281.198
2019-09-03,282.215
2019-09-03,282.215
2019-09-05,279.996
2019-09-05,279.996
2019-09-07,274.631
2019-09-07,274.631
2019-09-08,283.206
2019-09-08,283.206
2019-09-09,281.336
2019-09-09,281.336
2019-09-10,277.707
2019-09-10,277.707
2019-09-11,282.438
2019-09-11,282.438
2019-09-12,282.362
2019-09-12,282.362
2019-09-13,283.574
2019-09-13,283.574
2019-09-14,285.28
2019-09-14,285.28
2019-09-15,285.76
2019-09-15,285.76
2019-09-17,287.04
2019-09-17,287.04
2019-09-18,286.034
2019-09-18,286.034
2019-09-19,283.796
2019-09-19,283.796
2019-09-21,284.711
2019-09-21,284.711
2019-09-22,287.563
2019-09-22,287.563
2019-09-23,287.182
2019-09-23,287.182
2019-09-25,286.966
2019-09-25,286.966
2019-09-26,285.938
2019-09-26,285.938
2019-09-27,285.701
2019-09-27,285.701
2019-09-28,287.968
2019-09-28,287.968
2019-09-29,287.647
2019-09-29,287.647
2019-09-30,286.81
2019-09-30,286.81
2019-10-02,285.433
2019-10-02,285.433
2019-10-04,284.267
2019-10-04,284.267
2019-10-07,285.08
2019-10-07,285.08
2019-10-08,284.941
2019-10-08,284.941
2019-10-09,287.318
2019-10-09,287.318
2019-10-10,287.569
2019-10-10,287.569
2019-10-11,287.955
2019-10-11,287.955
2019-10-12,286.742
2019-10-12,286.742
2019-10-14,286.592
2019-10-14,286.592
2019-10-15,282.956
2019-10-15,282.956
2019-10-16,288.578
2019-10-16,288.578
2019-10-17,286.977
2019-10-17,286.977
2019-10-18,287.147
2019-10-18,287.147
2019-10-20,280.869
2019-10-20,280.869
2019-10-21,287.502
2019-10-21,287.502
2019-10-22,287.744
2019-10-22,287.744
2019-10-23,287.242
2019-10-23,287.242
2019-10-24,286.624
2019-10-24,286.624
2019-10-25,290.496
2019-10-25,290.496
2019-10-26,290.27
2019-10-26,290.27
2019-10-27,290.03
2019-10-27,290.03
2019-10-28,290.055
2019-10-28,290.055
2019-10-29,291.355
2019-10-29,291.355
2019-10-30,289.422
2019-10-30,289.422
2019-10-31,288.771
2019-10-31,288.771
2019-11-01,291.607
2019-11-01,291.607
2019-11-02,289.924
2019-11-02,289.924
2019-11-03,290.624
2019-11-03,290.624
2019-11-04,289.105
2019-11-04,289.105
2019-11-05,290.839
2019-11-05,290.839
2019-11-06,281.127
2019-11-06,281.127
2019-11-07,284.39
2019-11-07,284.39
2019-11-08,290.065
2019-11-08,290.065
2019-11-10,289.258
2019-11-10,289.258
2019-11-11,287.245
2019-11-11,287.245
2019-11-12,290.223
2019-11-12,290.223
2019-11-13,292.565
2019-11-13,292.565
2019-11-15,290.205
2019-11-15,290.205
2019-11-16,285.973
2019-11-16,285.973
2019-11-17,290.98
2019-11-17,290.98
2019-11-18,291.941
2019-11-18,291.941
2019-11-19,289.555
2019-11-19,289.555
2019-11-20,289.183
2019-11-20,289.183
2019-11-21,290.711
2019-11-21,290.711
2019-11-22,291.899
2019-11-22,291.899
2019-11-23,288.206
2019-11-23,288.206
2019-11-24,290.202
2019-11-24,290.202
2019-11-25,293.516
2019-11-25,293.516
2019-11-26,291.641
2019-11-26,291.641
2019-11-27,289.002
2019-11-27,289.002
2019-11-30,289.579
2019-11-30,289.579
2019-12-01,290.706
2019-12-01,290.706
2019-12-03,290.018
2019-12-03,290.018
2019-12-04,289.848
2019-12-04,289.848
2019-12-05,284.45
2019-12-05,284.45
2019-12-06,291.765
2019-12-06,291.765
2019-12-07,290.014
2019-12-07,290.014
2019-12-08,289.879
2019-12-08,289.879
2019-12-09,285.612
2019-12-09,285.612
2019-12-10,286.094
2019-12-10,286.094
2019-12-11,291.117
2019-12-11,291.117
2019-12-12,291.833
2019-12-12,291.833
2019-12-13,288.232
2019-12-13,288.232
2019-12-14,291.689
2019-12-14,291.689
2019-12-15,293.926
2019-12-15,293.926
2019-12-16,290.041
2019-12-16,290.041
2019-12-17,285.923
2019-12-17,285.923
2019-12-18,288.556
2019-12-18,288.556
2019-12-19,288.364
2019-12-19,288.364
2019-12-20,293.412
2019-12-20,293.412
2019-12-22,288.697
2019-12-22,288.697
2019-12-23,293.12
2019-12-23,293.12
2019-12-24,293.235
2019-12-24,293.235
2019-12-25,296.195
2019-12-25,296.195
2019-12-26,293.878
2019-12-26,293.878
2019-12-27,288.884
2019-12-27,288.884
2019-12-28,289.179
2019-12-28,289.179
2019-12-31,288.961
2019-12-31,288.961
2020-01-01,289.9
2020-01-01,289.9
2020-01-02,292.712
2020-01-02,292.712
2020-01-03,291.29
2020-01-03,291.29
2020-01-04,293.013
2020-01-04,293.013
2020-01-05,290.808
2020-01-05,290.808
2020-01-06,289.979
2020-01-06,289.979
2020-01-07,286.741
2020-01-07,286.741
2020-01-08,280.516
2020-01-08,280.516
2020-01-09,287.566
2020-01-09,287.566
2020-01-10,290.884
2020-01-10,290.884
2020-01-11,286.789
2020-01-11,286.789
2020-01-12,289.739
2020-01-12,289.739
2020-01-14,288.321
2020-01-14,288.321
2020-01-15,291.516
2020-01-15,291.516
2020-01-16,280.537
2020-01-16,280.537
2020-01-18,289.042
2020-01-18,289.042
2020-01-19,289.521
2020-01-19,289.521
2020-01-23,278.06
2020-01-23,278.06
2020-01-24,290.225
2020-01-24,290.225
2020-01-25,293.472
2020-01-25,293.472
2020-01-27,290.341
2020-01-27,290.341
2020-01-28,288.271
2020-01-28,288.271
2020-01-29,287.145
2020-01-29,287.145
2020-01-30,289.426
2020-01-30,289.426
2020-01-31,285.386
2020-01-31,285.386
2020-02-01,289.299
2020-02-01,289.299
2020-02-02,288.495
2020-02-02,288.495
2020-02-03,286.989
2020-02-03,286.989
2020-02-05,287.8
2020-02-05,287.8
2020-02-06,287.509
2020-02-06,287.509
2020-02-07,290.648
2020-02-07,290.648
2020-02-10,286.96
2020-02-10,286.96
2020-02-11,289.946
2020-02-11,289.946
2020-02-12,283.714
2020-02-12,283.714
2020-02-14,290.024
2020-02-14,290.024
2020-02-15,285.785
2020-02-15,285.785
2020-02-16,282.088
2020-02-16,282.088
2020-02-17,288.005
2020-02-17,288.005
2020-02-18,288.034
2020-02-18,288.034
2020-02-21,287.964
2020-02-21,287.964
2020-02-22,285.199
2020-02-22,285.199
2020-02-23,288.028
2020-02-23,288.028
2020-02-24,289.643
2020-02-24,289.643
2020-02-25,289.743
2020-02-25,289.743
2020-02-26,289.752
2020-02-26,289.752
2020-02-27,289.192
2020-02-27,289.192
2020-02-28,288.779
2020-02-28,288.779
2020-02-29,290.821
2020-02-29,290.821
2020-03-01,288.322
2020-03-01,288.322
2020-03-02,288.357
2020-03-02,288.357
2020-03-03,287.0
2020-03-03,287.0
2020-03-04,289.572
2020-03-04,289.572
2020-03-05,289.576
2020-03-05,289.576
2020-03-06,288.175
2020-03-06,288.175
2020-03-07,286.577
2020-03-07,286.577
2020-03-08,288.663
2020-03-08,288.663
2020-03-09,288.897
2020-03-09,288.897
2020-03-10,288.471
2020-03-10,288.471
2020-03-11,288.43
2020-03-11,288.43
2020-03-12,288.826
2020-03-12,288.826
2020-03-13,286.559
2020-03-13,286.559
2020-03-14,286.508
2020-03-14,286.508
2020-03-15,289.604
2020-03-15,289.604
2020-03-16,288.415
2020-03-16,288.415
2020-03-17,288.45
2020-03-17,288.45
2020-03-18,287.601
2020-03-18,287.601
2020-03-19,283.658
2020-03-19,283.658
2020-03-20,286.69
2020-03-20,286.69
2020-03-21,286.048
2020-03-21,286.048
2020-03-22,287.668
2020-03-22,287.668
2020-03-24,288.79
2020-03-24,288.79
2020-03-25,289.174
2020-03-25,289.174
2020-03-26,283.387
2020-03-26,283.387
2020-03-27,288.08
2020-03-27,288.08
2020-03-28,287.635
2020-03-28,287.635
2020-03-29,289.032
2020-03-29,289.032
2020-03-30,283.322
2020-03-30,283.322
2020-03-31,287.512
2020-03-31,287.512
2020-04-01,287.871
2020-04-01,287.871
2020-04-02,287.914
2020-04-02,287.914
2020-04-03,287.462
2020-04-03,287.462
2020-04-04,287.904
2020-04-04,287.904
2020-04-05,287.552
2020-04-05,287.552
2020-04-06,286.495
2020-04-06,286.495
2020-04-08,287.196
2020-04-08,287.196
2020-04-09,286.852
2020-04-09,286.852
2020-04-10,285.349
2020-04-10,285.349
2020-04-11,285.959
2020-04-11,285.959
2020-04-12,284.618
2020-04-12,284.618
2020-04-13,284.851
2020-04-13,284.851
2020-04-14,284.625
2020-04-14,284.625
2020-04-15,284.289
2020-04-15,284.289
2020-04-16,284.591
2020-04-16,284.591
2020-04-17,283.927
2020-04-17,283.927
2020-04-18,284.49
2020-04-18,284.49
2020-04-19,285.361
2020-04-19,285.361
2020-04-20,284.108
2020-04-20,284.108
2020-04-21,285.816
2020-04-21,285.816
2020-04-22,285.515
2020-04-22,285.515
2020-04-23,285.523
2020-04-23,285.523
2020-04-24,284.356
2020-04-24,284.356
2020-04-25,285.184
2020-04-25,285.184
2020-04-26,284.71
2020-04-26,284.71
2020-04-27,285.493
2020-04-27,285.493
2020-04-28,285.69
2020-04-28,285.69
2020-04-29,285.676
2020-04-29,285.676
2020-04-30,273.26
2020-04-30,273.26
2020-05-01,286.234
2020-05-01,286.234
2020-05-02,285.053
2020-05-02,285.053
2020-05-03,278.662
2020-05-03,278.662
2020-05-06,277.648
2020-05-06,277.648
2020-05-07,277.389
2020-05-07,277.389
2020-05-08,283.914
2020-05-08,283.914
2020-05-09,283.732
2020-05-09,283.732
2020-05-10,284.246
2020-05-10,284.246
2020-05-11,282.445
2020-05-11,282.445
2020-05-12,282.319
2020-05-12,282.319
2020-05-13,274.938
2020-05-13,274.938
2020-05-14,281.628
2020-05-14,281.628
2020-05-15,280.397
2020-05-15,280.397
2020-05-16,281.072
2020-05-16,281.072
2020-05-17,280.149
2020-05-17,280.149
2020-05-18,281.92
2020-05-18,281.92
2020-05-20,281.824
2020-05-20,281.824
2020-05-21,280.589
2020-05-21,280.589
2020-05-22,282.172
2020-05-22,282.172
2020-05-23,280.104
2020-05-23,280.104
2020-05-24,280.006
2020-05-24,280.006
2020-05-25,280.588
2020-05-25,280.588
2020-05-26,280.395
2020-05-26,280.395
2020-05-27,280.828
2020-05-27,280.828
2020-05-28,281.089
2020-05-28,281.089
2020-05-29,280.31
2020-05-29,280.31
2020-05-30,279.958
2020-05-30,279.958
2020-05-31,281.325
2020-05-31,281.325
2020-06-01,280.785
2020-06-01,280.785
2020-06-02,276.879
2020-06-02,276.879
2020-06-03,276.467
2020-06-03,276.467
2020-06-04,279.024
2020-06-04,279.024
2020-06-05,277.043
2020-06-05,277.043
2020-06-06,280.539
2020-06-06,280.539
2020-06-07,279.389
2020-06-07,279.389
2020-06-08,281.624
2020-06-08,281.624
2020-06-09,280.475
2020-06-09,280.475
2020-06-10,280.905
2020-06-10,280.905
2020-06-11,280.707
2020-06-11,280.707
2020-06-12,280.649
2020-06-12,280.649
2020-06-13,280.239
2020-06-13,280.239
2020-06-14,281.72
2020-06-14,281.72
2020-06-15,281.504
2020-06-15,281.504
2020-06-16,280.556
2020-06-16,280.556
2020-06-17,281.569
2020-06-17,281.569
2020-06-18,279.265
2020-06-18,279.265
2020-06-19,279.097
2020-06-19,279.097
2020-06-20,279.559
2020-06-20,279.559
2020-06-21,279.711
2020-06-21,279.711
2020-06-22,279.288
2020-06-22,279.288
2020-06-23,279.017
2020-06-23,279.017
2020-06-24,278.521
2020-06-24,278.521
2020-06-25,277.785
2020-06-25,277.785
2020-06-26,279.077
2020-06-26,279.077
2020-06-28,277.513
2020-06-28,277.513
2020-06-29,277.543
2020-06-29,277.543
2020-06-30,276.747
2020-06-30,276.747
2020-07-01,278.451
2020-07-01,278.451
2020-07-02,277.357
2020-07-02,277.357
2020-07-03,278.158
2020-07-03,278.158
2020-07-04,276.729
2020-07-04,276.729
2020-07-05,277.884
2020-07-05,277.884
2020-07-06,277.658
2020-07-06,277.658
2020-07-07,275.103
2020-07-07,275.103
2020-07-08,275.828
2020-07-08,275.828
2020-07-09,275.31
2020-07-09,275.31
2020-07-10,276.152
2020-07-10,276.152
2020-07-11,275.684
2020-07-11,275.684
2020-07-12,277.701
2020-07-12,277.701
2020-07-13,277.004
2020-07-13,277.004
2020-07-14,278.136
2020-07-14,278.136
2020-07-15,278.958
2020-07-15,278.958
2020-07-16,278.082
2020-07-16,278.082
2020-07-17,279.115
2020-07-17,279.115
2020-07-18,279.575
2020-07-18,279.575
2020-07-19,279.661
2020-07-19,279.661
2020-07-20,275.179
2020-07-20,275.179
2020-07-21,277.998
2020-07-21,277.998
2020-07-22,280.068
2020-07-22,280.068
2020-07-23,279.712
2020-07-23,279.712
2020-07-24,281.06
2020-07-24,281.06
2020-07-25,274.234
2020-07-25,274.234
2020-07-26,278.644
2020-07-26,278.644
2020-07-27,277.259
2020-07-27,277.259
2020-07-28,277.992
2020-07-28,277.992
2020-07-29,278.206
2020-07-29,278.206
2020-07-30,279.616
2020-07-30,279.616
2020-07-31,278.901
2020-07-31,278.901
2020-08-01,282.032
2020-08-01,282.032
2020-08-02,281.134
2020-08-02,281.134
2020-08-03,282.219
2020-08-03,282.219
2020-08-04,280.981
2020-08-04,280.981
2020-08-05,281.756
2020-08-05,281.756
2020-08-06,281.183
2020-08-06,281.183
2020-08-07,281.689
2020-08-07,281.689
2020-08-08,280.758
2020-08-08,280.758
2020-08-09,281.705
2020-08-09,281.705
2020-08-10,280.056
2020-08-10,280.056
2020-08-11,277.665
2020-08-11,277.665
2020-08-12,279.059
2020-08-12,279.059
2020-08-13,279.064
2020-08-13,279.064
2020-08-14,279.038
2020-08-14,279.038
2020-08-15,277.15
2020-08-15,277.15
2020-08-16,278.784
2020-08-16,278.784
2020-08-17,280.315
2020-08-17,280.315
2020-08-18,280.337
2020-08-18,280.337
2020-08-19,275.107
2020-08-19,275.107
2020-08-21,277.322
2020-08-21,277.322
2020-08-22,272.913
2020-08-22,272.913
2020-08-23,280.078
2020-08-23,280.078
2020-08-24,283.136
2020-08-24,283.136
2020-08-25,283.165
2020-08-25,283.165
2020-08-26,282.664
2020-08-26,282.664
2020-08-27,282.394
2020-08-27,282.394
2020-08-28,284.263
2020-08-28,284.263
2020-08-29,282.214
2020-08-29,282.214
2020-08-30,285.393
2020-08-30,285.393
2020-09-01,283.473
2020-09-01,283.473
2020-09-02,283.76
2020-09-02,283.76
2020-09-03,280.566
2020-09-03,280.566
2020-09-04,278.965
2020-09-04,278.965
2020-09-05,285.454
2020-09-05,285.454
2020-09-06,278.977
2020-09-06,278.977
2020-09-07,286.361
2020-09-07,286.361
2020-09-09,276.202
2020-09-09,276.202
2020-09-10,279.566
2020-09-10,279.566
2020-09-11,285.315
2020-09-11,285.315
2020-09-12,285.517
2020-09-12,285.517
2020-09-13,285.643
2020-09-13,285.643
2020-09-14,286.725
2020-09-14,286.725
2020-09-16,283.403
2020-09-16,283.403
2020-09-18,283.846
2020-09-18,283.846
2020-09-19,285.576
2020-09-19,285.576
2020-09-20,288.035
2020-09-20,288.035
2020-09-21,284.307
2020-09-21,284.307
2020-09-22,283.302
2020-09-22,283.302
2020-09-23,284.693
2020-09-23,284.693
2020-09-24,287.016
2020-09-24,287.016
2020-09-25,285.508
2020-09-25,285.508
2020-09-26,287.58
2020-09-26,287.58
2020-09-27,286.02
2020-09-27,286.02
2020-09-30,288.968
2020-09-30,288.968
2020-10-03,289.816
2020-10-03,289.816
2020-10-04,288.096
2020-10-04,288.096
2020-10-05,288.7
2020-10-05,288.7
2020-10-06,289.374
2020-10-06,289.374
2020-10-07,289.45
2020-10-07,289.45
2020-10-08,290.838
2020-10-08,290.838
2020-10-09,290.617
2020-10-09,290.617
2020-10-10,292.388
2020-10-10,292.388
2020-10-11,291.686
2020-10-11,291.686
2020-10-14,294.081
2020-10-14,294.081
2020-10-15,293.268
2020-10-15,293.268
2020-10-17,293.184
2020-10-17,293.184
2020-10-18,302.527
2020-10-18,302.527
2020-10-19,291.637
2020-10-19,291.637
2020-10-21,291.758
2020-10-21,291.758
2020-10-22,295.199
2020-10-22,295.199
2020-10-23,295.978
2020-10-23,295.978
2020-10-24,292.544
2020-10-24,292.544
2020-10-25,292.4
2020-10-25,292.4
2020-10-26,289.966
2020-10-26,289.966
2020-10-27,291.727
2020-10-27,291.727
2020-10-28,285.883
2020-10-28,285.883
2020-10-29,286.57
2020-10-29,286.57
2020-10-30,286.122
2020-10-30,286.122
2020-10-31,286.737
2020-10-31,286.737
2020-11-01,287.006
2020-11-01,287.006
2020-11-02,288.805
2020-11-02,288.805
2020-11-03,289.187
2020-11-03,289.187
2020-11-07,287.504
2020-11-07,287.504
2020-11-11,287.04
2020-11-11,287.04
2020-12-08,291.567
2020-12-08,291.567
2020-12-27,291.765
2020-12-27,291.765
2020-12-30,299.1
2020-12-30,299.1
2020-12-31,293.891
2020-12-31,293.891
